# https://github.com/mikedh/trimesh
mtllib material.mtl

o head_ncl1_1-lib
usemtl material_0
v -0.10977400 -0.01158700 0.01599197
v -0.10977400 -0.00808700 0.00869201
v -0.12607400 -0.00808700 0.00869201
v -0.12607400 -0.01158700 0.01599197
v -0.10977400 -0.01948700 0.01779197
v -0.12607400 -0.01948700 0.01779197
v -0.10977400 -0.02578700 0.01279198
v -0.10977400 -0.01948700 0.01779197
v -0.12607400 -0.01948700 0.01779197
v -0.12607400 -0.02578700 0.01279198
v -0.10977400 -0.02578700 0.00469200
v -0.12607400 -0.02578700 0.00469200
v -0.10977400 -0.01948700 -0.00040801
v -0.12607400 -0.01948700 -0.00040801
v -0.10977400 -0.01158700 0.00139199
v -0.12607400 -0.01158700 0.00139199
v -0.13217400 -0.00968700 0.01119201
v -0.13217400 -0.01258700 0.01729201
v -0.12607400 -0.01158700 0.01599197
v -0.12607400 -0.00808700 0.00869201
v -0.13217400 -0.01258700 0.01729201
v -0.13217400 -0.01908700 0.01879196
v -0.12607400 -0.01948700 0.01779197
v -0.12607400 -0.01158700 0.01599197
v -0.13217400 -0.01908700 0.01879196
v -0.13217400 -0.02438700 0.01459198
v -0.12607400 -0.02578700 0.01279198
v -0.12607400 -0.01948700 0.01779197
v -0.13217400 -0.02438700 0.01459198
v -0.13217400 -0.02438700 0.00789200
v -0.12607400 -0.02578700 0.00469200
v -0.12607400 -0.02578700 0.01279198
v -0.13217400 -0.02438700 0.00789200
v -0.13217400 -0.01908700 0.00369202
v -0.12607400 -0.01948700 -0.00040801
v -0.12607400 -0.01948700 -0.00040801
v -0.12607400 -0.02578700 0.00469200
v -0.13217400 -0.02438700 0.00789200
v -0.13217400 -0.01908700 0.00369202
v -0.13217400 -0.01258700 0.00519197
v -0.12607400 -0.01158700 0.00139199
v -0.12607400 -0.01948700 -0.00040801
v -0.13217400 -0.01258700 0.00519197
v -0.13217400 -0.00968700 0.01119201
v -0.12607400 -0.00808700 0.00869201
v -0.12607400 -0.01158700 0.00139199
v -0.13927400 -0.01048700 0.01459198
v -0.13587400 -0.01308700 0.01879196
v -0.13217400 -0.01258700 0.01729201
v -0.13217400 -0.01258700 0.01729201
v -0.13217400 -0.00968700 0.01119201
v -0.13927400 -0.01048700 0.01459198
v -0.13587400 -0.01308700 0.01879196
v -0.13497400 -0.01888700 0.01979201
v -0.13217400 -0.01908700 0.01879196
v -0.13217400 -0.01258700 0.01729201
v -0.13497400 -0.01888700 0.01979201
v -0.13737400 -0.02358700 0.01689200
v -0.13217400 -0.02438700 0.01459198
v -0.13217400 -0.02438700 0.01459198
v -0.13217400 -0.01908700 0.01879196
v -0.13497400 -0.01888700 0.01979201
v -0.13737400 -0.02358700 0.01689200
v -0.14127400 -0.02358700 0.01239197
v -0.13217400 -0.02438700 0.00789200
v -0.13217400 -0.02438700 0.00789200
v -0.13217400 -0.02438700 0.01459198
v -0.13737400 -0.02358700 0.01689200
v -0.14127400 -0.02358700 0.01239197
v -0.14367400 -0.01888700 0.00949197
v -0.13217400 -0.01908700 0.00369202
v -0.13217400 -0.01908700 0.00369202
v -0.13217400 -0.02438700 0.00789200
v -0.14127400 -0.02358700 0.01239197
v -0.14367400 -0.01888700 0.00949197
v -0.14277400 -0.01308700 0.01049201
v -0.13217400 -0.01258700 0.00519197
v -0.13217400 -0.01258700 0.00519197
v -0.13217400 -0.01908700 0.00369202
v -0.14367400 -0.01888700 0.00949197
v -0.14277400 -0.01308700 0.01049201
v -0.13927400 -0.01048700 0.01459198
v -0.13217400 -0.00968700 0.01119201
v -0.13217400 -0.00968700 0.01119201
v -0.13217400 -0.01258700 0.00519197
v -0.14277400 -0.01308700 0.01049201
v -0.14277400 -0.01198700 0.02309196
v -0.13857400 -0.01408700 0.02309196
v -0.13587400 -0.01308700 0.01879196
v -0.13587400 -0.01308700 0.01879196
v -0.13927400 -0.01048700 0.01459198
v -0.14277400 -0.01198700 0.02309196
v -0.13857400 -0.01408700 0.02309196
v -0.13757400 -0.01858700 0.02309196
v -0.13497400 -0.01888700 0.01979201
v -0.13497400 -0.01888700 0.01979201
v -0.13587400 -0.01308700 0.01879196
v -0.13857400 -0.01408700 0.02309196
v -0.13757400 -0.01858700 0.02309196
v -0.14047400 -0.02228700 0.02309196
v -0.13737400 -0.02358700 0.01689200
v -0.13737400 -0.02358700 0.01689200
v -0.13497400 -0.01888700 0.01979201
v -0.13757400 -0.01858700 0.02309196
v -0.14047400 -0.02228700 0.02309196
v -0.14507399 -0.02228700 0.02309196
v -0.14127400 -0.02358700 0.01239197
v -0.14127400 -0.02358700 0.01239197
v -0.13737400 -0.02358700 0.01689200
v -0.14047400 -0.02228700 0.02309196
v -0.14507399 -0.02228700 0.02309196
v -0.14797400 -0.01858700 0.02309196
v -0.14367400 -0.01888700 0.00949197
v -0.14367400 -0.01888700 0.00949197
v -0.14127400 -0.02358700 0.01239197
v -0.14507399 -0.02228700 0.02309196
v -0.14797400 -0.01858700 0.02309196
v -0.14697400 -0.01408700 0.02309196
v -0.14277400 -0.01308700 0.01049201
v -0.14277400 -0.01308700 0.01049201
v -0.14367400 -0.01888700 0.00949197
v -0.14797400 -0.01858700 0.02309196
v -0.14697400 -0.01408700 0.02309196
v -0.14277400 -0.01198700 0.02309196
v -0.13927400 -0.01048700 0.01459198
v -0.13927400 -0.01048700 0.01459198
v -0.14277400 -0.01308700 0.01049201
v -0.14697400 -0.01408700 0.02309196
v -0.14277400 -0.01358700 0.04719196
v -0.13977400 -0.01498700 0.04719196
v -0.13857400 -0.01408700 0.02309196
v -0.13857400 -0.01408700 0.02309196
v -0.14277400 -0.01198700 0.02309196
v -0.14277400 -0.01358700 0.04719196
v -0.13977400 -0.01498700 0.04719196
v -0.13907400 -0.01828700 0.04719196
v -0.13757400 -0.01858700 0.02309196
v -0.13757400 -0.01858700 0.02309196
v -0.13857400 -0.01408700 0.02309196
v -0.13977400 -0.01498700 0.04719196
v -0.13907400 -0.01828700 0.04719196
v -0.14107400 -0.02088700 0.04719196
v -0.14047400 -0.02228700 0.02309196
v -0.14047400 -0.02228700 0.02309196
v -0.13757400 -0.01858700 0.02309196
v -0.13907400 -0.01828700 0.04719196
v -0.14107400 -0.02088700 0.04719196
v -0.14447400 -0.02088700 0.04719196
v -0.14507399 -0.02228700 0.02309196
v -0.14047400 -0.02228700 0.02309196
v -0.14447400 -0.02088700 0.04719196
v -0.14647400 -0.01828700 0.04719196
v -0.14797400 -0.01858700 0.02309196
v -0.14797400 -0.01858700 0.02309196
v -0.14507399 -0.02228700 0.02309196
v -0.14447400 -0.02088700 0.04719196
v -0.14647400 -0.01828700 0.04719196
v -0.14577400 -0.01498700 0.04719196
v -0.14697400 -0.01408700 0.02309196
v -0.14697400 -0.01408700 0.02309196
v -0.14797400 -0.01858700 0.02309196
v -0.14647400 -0.01828700 0.04719196
v -0.14577400 -0.01498700 0.04719196
v -0.14277400 -0.01358700 0.04719196
v -0.14277400 -0.01198700 0.02309196
v -0.14277400 -0.01198700 0.02309196
v -0.14697400 -0.01408700 0.02309196
v -0.14577400 -0.01498700 0.04719196
v -0.14277400 -0.01358700 0.06209199
v -0.13977400 -0.01498700 0.06209199
v -0.13977400 -0.01498700 0.04719196
v -0.14277400 -0.01358700 0.04719196
v -0.13977400 -0.01498700 0.06209199
v -0.13907400 -0.01828700 0.06209199
v -0.13907400 -0.01828700 0.04719196
v -0.13977400 -0.01498700 0.04719196
v -0.13907400 -0.01828700 0.06209199
v -0.14107400 -0.02088700 0.06209199
v -0.14107400 -0.02088700 0.04719196
v -0.13907400 -0.01828700 0.04719196
v -0.14107400 -0.02088700 0.06209199
v -0.14447400 -0.02088700 0.06209199
v -0.14447400 -0.02088700 0.04719196
v -0.14107400 -0.02088700 0.04719196
v -0.14447400 -0.02088700 0.06209199
v -0.14647400 -0.01828700 0.06209199
v -0.14647400 -0.01828700 0.04719196
v -0.14447400 -0.02088700 0.04719196
v -0.14647400 -0.01828700 0.06209199
v -0.14577400 -0.01498700 0.06209199
v -0.14577400 -0.01498700 0.04719196
v -0.14647400 -0.01828700 0.04719196
v -0.14577400 -0.01498700 0.06209199
v -0.14277400 -0.01358700 0.06209199
v -0.14277400 -0.01358700 0.04719196
v -0.14577400 -0.01498700 0.04719196
v -0.14647400 -0.01828700 0.06209199
v -0.14107400 -0.02088700 0.06209199
v -0.14277400 -0.01358700 0.06209199
v -0.14577400 -0.01498700 0.06209199
v -0.14447400 -0.02088700 0.06209199
v -0.13907400 -0.01828700 0.06209199
v -0.13977400 -0.01498700 0.06209199
v -0.00017400 0.06201300 0.05939196
v -0.01697400 0.05241300 0.05939196
v -0.01347400 0.04631300 0.04479198
v 0.00322600 0.05591300 0.04479198
v -0.00807400 0.07571300 0.06299196
v -0.02487400 0.06611300 0.06299196
v -0.01437400 0.08671300 0.05289201
v -0.03117400 0.07711300 0.05289201
v -0.01437400 0.08671300 0.03669201
v -0.03117400 0.07711300 0.03669201
v -0.00807400 0.07571300 0.02659200
v -0.02487400 0.06611300 0.02659200
v -0.00017400 0.06201300 0.03019200
v -0.01697400 0.05241300 0.03019200
v -0.02487400 0.06611300 0.02659200
v -0.00807400 0.07571300 0.02659200
v -0.03117400 0.07711300 0.05289201
v -0.01347400 0.04631300 0.04479198
v -0.01697400 0.05241300 0.05939196
v -0.02487400 0.06611300 0.06299196
v -0.02487400 0.06611300 0.02659200
v -0.03117400 0.07711300 0.03669201
v -0.01697400 0.05241300 0.03019200
v -0.01767400 0.08171300 0.05159198
v -0.00587399 0.06101300 0.03259198
v -0.01237400 0.07251300 0.02949201
v -0.01767400 0.08171300 0.03799199
v -0.00587399 0.06101300 0.05709200
v -0.01237400 0.07251300 0.06009196
v -0.00287400 0.05581300 0.04479198
v -0.00117400 0.06361300 0.05709200
v -0.00017400 0.06201300 0.05939196
v 0.00322600 0.05591300 0.04479198
v 0.00322600 0.05591300 0.04479198
v 0.00182600 0.05851300 0.04479198
v -0.00117400 0.06361300 0.05709200
v -0.00777400 0.07521300 0.06009196
v -0.00807400 0.07571300 0.06299196
v -0.00017400 0.06201300 0.05939196
v -0.00017400 0.06201300 0.05939196
v -0.00117400 0.06361300 0.05709200
v -0.00777400 0.07521300 0.06009196
v -0.01297399 0.08441300 0.05159198
v -0.01437400 0.08671300 0.05289201
v -0.00807400 0.07571300 0.06299196
v -0.01297399 0.08441300 0.05159198
v -0.01297399 0.08441300 0.03799199
v -0.01437400 0.08671300 0.03669201
v -0.01437400 0.08671300 0.05289201
v -0.01297399 0.08441300 0.05159198
v -0.00777400 0.07521300 0.02949201
v -0.00807400 0.07571300 0.02659200
v -0.01437400 0.08671300 0.03669201
v -0.01437400 0.08671300 0.03669201
v -0.01297399 0.08441300 0.03799199
v -0.00777400 0.07521300 0.02949201
v -0.00117400 0.06361300 0.03259198
v -0.00017400 0.06201300 0.03019200
v -0.00807400 0.07571300 0.02659200
v -0.00807400 0.07571300 0.02659200
v -0.00777400 0.07521300 0.02949201
v -0.00117400 0.06361300 0.03259198
v 0.00182600 0.05851300 0.04479198
v 0.00322600 0.05591300 0.04479198
v -0.00017400 0.06201300 0.03019200
v -0.00017400 0.06201300 0.03019200
v -0.00117400 0.06361300 0.03259198
v 0.00182600 0.05851300 0.04479198
v -0.00587399 0.06101300 0.05709200
v -0.00117400 0.06361300 0.05709200
v 0.00182600 0.05851300 0.04479198
v 0.00182600 0.05851300 0.04479198
v -0.00287400 0.05581300 0.04479198
v -0.00587399 0.06101300 0.05709200
v -0.01237400 0.07251300 0.06009196
v -0.00777400 0.07521300 0.06009196
v -0.00117400 0.06361300 0.05709200
v -0.00587399 0.06101300 0.05709200
v -0.01767400 0.08171300 0.05159198
v -0.01297399 0.08441300 0.05159198
v -0.00777400 0.07521300 0.06009196
v -0.00777400 0.07521300 0.06009196
v -0.01237400 0.07251300 0.06009196
v -0.01767400 0.08171300 0.05159198
v -0.01767400 0.08171300 0.03799199
v -0.01297399 0.08441300 0.03799199
v -0.01297399 0.08441300 0.05159198
v -0.01767400 0.08171300 0.05159198
v -0.01237400 0.07251300 0.02949201
v -0.00777400 0.07521300 0.02949201
v -0.01297399 0.08441300 0.03799199
v -0.01297399 0.08441300 0.03799199
v -0.01767400 0.08171300 0.03799199
v -0.01237400 0.07251300 0.02949201
v -0.00587399 0.06101300 0.03259198
v -0.00117400 0.06361300 0.03259198
v -0.00777400 0.07521300 0.02949201
v -0.00777400 0.07521300 0.02949201
v -0.01237400 0.07251300 0.02949201
v -0.00587399 0.06101300 0.03259198
v -0.00287400 0.05581300 0.04479198
v 0.00182600 0.05851300 0.04479198
v -0.00117400 0.06361300 0.03259198
v -0.00117400 0.06361300 0.03259198
v -0.00587399 0.06101300 0.03259198
v -0.00287400 0.05581300 0.04479198
v -0.11207400 0.05211300 0.02009200
v -0.11207400 0.06461300 0.02009200
v -0.06187400 0.06461300 0.02009200
v -0.06187400 0.05211300 0.02009200
v -0.11207400 0.05211300 0.05169199
v -0.06187400 0.05211300 0.05169199
v -0.06187400 0.06461300 0.05169199
v -0.11207400 0.06461300 0.05169199
v -0.11207400 0.05211300 0.05169199
v -0.11207400 0.05211300 0.02009200
v -0.06187400 0.05211300 0.02009200
v -0.06187400 0.05211300 0.05169199
v -0.11207400 0.06461300 0.05169199
v -0.11207400 0.06461300 0.02009200
v -0.11207400 0.05211300 0.02009200
v -0.11207400 0.05211300 0.05169199
v -0.06187400 0.06461300 0.05169199
v -0.06187400 0.06461300 0.02009200
v -0.11207400 0.06461300 0.02009200
v -0.11207400 0.06461300 0.05169199
v -0.01587400 0.05211300 0.04739200
v -0.06187400 0.05211300 0.02009200
v -0.06187400 0.06461300 0.02009200
v -0.06187400 0.06461300 0.02009200
v -0.02337399 0.06461300 0.04739200
v -0.01587400 0.05211300 0.04739200
v -0.02337399 0.06461300 0.05919199
v -0.06187400 0.06461300 0.05169199
v -0.06187400 0.05211300 0.05169199
v -0.06187400 0.05211300 0.05169199
v -0.01587400 0.05211300 0.05919199
v -0.02337399 0.06461300 0.05919199
v -0.01587400 0.05211300 0.05919199
v -0.01587400 0.05211300 0.04739200
v -0.02337399 0.06461300 0.04739200
v -0.02337399 0.06461300 0.05919199
v -0.00017400 -0.06218700 0.05939196
v 0.00322600 -0.05608700 0.04479198
v -0.01347400 -0.04648700 0.04479198
v -0.01697400 -0.05258700 0.05939196
v -0.00807400 -0.07588700 0.06299196
v -0.02487400 -0.06628700 0.06299196
v -0.01437400 -0.08688700 0.05289201
v -0.03117400 -0.07728700 0.05289201
v -0.01437400 -0.08688700 0.03669201
v -0.03117400 -0.07728700 0.03669201
v -0.00807400 -0.07588700 0.02659200
v -0.02487400 -0.06628700 0.02659200
v -0.00017400 -0.06218700 0.03019200
v -0.00807400 -0.07588700 0.02659200
v -0.02487400 -0.06628700 0.02659200
v -0.01697400 -0.05258700 0.03019200
v -0.03117400 -0.07728700 0.05289201
v -0.01347400 -0.04648700 0.04479198
v -0.02487400 -0.06628700 0.02659200
v -0.03117400 -0.07728700 0.03669201
v -0.01697400 -0.05258700 0.05939196
v -0.02487400 -0.06628700 0.06299196
v -0.01697400 -0.05258700 0.03019200
v -0.01767400 -0.08188700 0.05159198
v -0.00587399 -0.06108700 0.03259198
v -0.00587399 -0.06108700 0.05709200
v -0.01237400 -0.07268700 0.06009196
v -0.01237400 -0.07268700 0.02949201
v -0.01767400 -0.08188700 0.03799199
v -0.00287400 -0.05598700 0.04479198
v -0.00117400 -0.06378700 0.05709200
v 0.00182600 -0.05868700 0.04479198
v 0.00322600 -0.05608700 0.04479198
v 0.00322600 -0.05608700 0.04479198
v -0.00017400 -0.06218700 0.05939196
v -0.00117400 -0.06378700 0.05709200
v -0.00777400 -0.07528700 0.06009196
v -0.00117400 -0.06378700 0.05709200
v -0.00017400 -0.06218700 0.05939196
v -0.00017400 -0.06218700 0.05939196
v -0.00807400 -0.07588700 0.06299196
v -0.00777400 -0.07528700 0.06009196
v -0.01297399 -0.08458700 0.05159198
v -0.00777400 -0.07528700 0.06009196
v -0.00807400 -0.07588700 0.06299196
v -0.00807400 -0.07588700 0.06299196
v -0.01437400 -0.08688700 0.05289201
v -0.01297399 -0.08458700 0.05159198
v -0.01297399 -0.08458700 0.03799199
v -0.01297399 -0.08458700 0.05159198
v -0.01437400 -0.08688700 0.05289201
v -0.01437400 -0.08688700 0.03669201
v -0.00777400 -0.07528700 0.02949201
v -0.01297399 -0.08458700 0.03799199
v -0.01437400 -0.08688700 0.03669201
v -0.01437400 -0.08688700 0.03669201
v -0.00807400 -0.07588700 0.02659200
v -0.00777400 -0.07528700 0.02949201
v -0.00117400 -0.06378700 0.03259198
v -0.00777400 -0.07528700 0.02949201
v -0.00807400 -0.07588700 0.02659200
v -0.00807400 -0.07588700 0.02659200
v -0.00017400 -0.06218700 0.03019200
v -0.00117400 -0.06378700 0.03259198
v 0.00182600 -0.05868700 0.04479198
v -0.00117400 -0.06378700 0.03259198
v -0.00017400 -0.06218700 0.03019200
v -0.00017400 -0.06218700 0.03019200
v 0.00322600 -0.05608700 0.04479198
v 0.00182600 -0.05868700 0.04479198
v -0.00587399 -0.06108700 0.05709200
v -0.00287400 -0.05598700 0.04479198
v 0.00182600 -0.05868700 0.04479198
v -0.00117400 -0.06378700 0.05709200
v -0.01237400 -0.07268700 0.06009196
v -0.00587399 -0.06108700 0.05709200
v -0.00117400 -0.06378700 0.05709200
v -0.00777400 -0.07528700 0.06009196
v -0.01767400 -0.08188700 0.05159198
v -0.01237400 -0.07268700 0.06009196
v -0.00777400 -0.07528700 0.06009196
v -0.01297399 -0.08458700 0.05159198
v -0.01767400 -0.08188700 0.03799199
v -0.01767400 -0.08188700 0.05159198
v -0.01297399 -0.08458700 0.05159198
v -0.01297399 -0.08458700 0.03799199
v -0.01237400 -0.07268700 0.02949201
v -0.01767400 -0.08188700 0.03799199
v -0.01297399 -0.08458700 0.03799199
v -0.00777400 -0.07528700 0.02949201
v -0.00587399 -0.06108700 0.03259198
v -0.01237400 -0.07268700 0.02949201
v -0.00777400 -0.07528700 0.02949201
v -0.00117400 -0.06378700 0.03259198
v -0.00287400 -0.05598700 0.04479198
v -0.00587399 -0.06108700 0.03259198
v -0.00117400 -0.06378700 0.03259198
v 0.00182600 -0.05868700 0.04479198
v -0.11207400 -0.05228700 0.02009200
v -0.06187400 -0.05228700 0.02009200
v -0.06187400 -0.06478700 0.02009200
v -0.11207400 -0.06478700 0.02009200
v -0.11207400 -0.05228700 0.05169199
v -0.11207400 -0.06478700 0.05169199
v -0.06187400 -0.06478700 0.05169199
v -0.06187400 -0.05228700 0.05169199
v -0.11207400 -0.05228700 0.05169199
v -0.06187400 -0.05228700 0.05169199
v -0.06187400 -0.05228700 0.02009200
v -0.11207400 -0.05228700 0.02009200
v -0.11207400 -0.06478700 0.05169199
v -0.11207400 -0.05228700 0.05169199
v -0.11207400 -0.05228700 0.02009200
v -0.11207400 -0.06478700 0.02009200
v -0.06187400 -0.06478700 0.05169199
v -0.11207400 -0.06478700 0.05169199
v -0.11207400 -0.06478700 0.02009200
v -0.06187400 -0.06478700 0.02009200
v -0.01587400 -0.05228700 0.04739200
v -0.02337399 -0.06478700 0.04739200
v -0.06187400 -0.06478700 0.02009200
v -0.06187400 -0.06478700 0.02009200
v -0.06187400 -0.05228700 0.02009200
v -0.01587400 -0.05228700 0.04739200
v -0.02337399 -0.06478700 0.05919199
v -0.01587400 -0.05228700 0.05919199
v -0.06187400 -0.05228700 0.05169199
v -0.06187400 -0.05228700 0.05169199
v -0.06187400 -0.06478700 0.05169199
v -0.02337399 -0.06478700 0.05919199
v -0.01587400 -0.05228700 0.05919199
v -0.01587400 -0.05228700 0.04739200
v -0.02337399 -0.06478700 0.04739200
v -0.02337399 -0.06478700 0.05919199
v -0.07167400 0.04901300 0.05329196
v -0.07167400 0.06031300 0.08809201
v -0.06577399 0.06031300 0.08809201
v -0.06577399 0.04901300 0.05329196
v -0.07167400 0.01941300 0.03189199
v -0.06577399 0.01941300 0.03189199
v -0.07167400 -0.01708700 0.03189199
v -0.06577399 -0.01708700 0.03189199
v -0.07167400 -0.04668700 0.05329196
v -0.07167400 -0.01708700 0.03189199
v -0.06577399 -0.01708700 0.03189199
v -0.06577399 -0.04668700 0.05329196
v -0.07167400 -0.05788700 0.08809201
v -0.06577399 -0.05788700 0.08809201
v -0.07167400 -0.04668700 0.12279199
v -0.06577399 -0.04668700 0.12279199
v -0.07167400 -0.01708700 0.14429198
v -0.06577399 -0.01708700 0.14429198
v -0.07167400 0.01941300 0.14429198
v -0.06577399 0.01941300 0.14429198
v -0.07167400 0.04901300 0.12279199
v -0.06577399 0.04901300 0.12279199
v -0.07167400 -0.01708700 0.03189199
v -0.07167400 0.04901300 0.12279199
v -0.07167400 0.04901300 0.05329196
v -0.07167400 0.01941300 0.03189199
v -0.07167400 -0.05788700 0.08809201
v -0.07167400 -0.04668700 0.05329196
v -0.07167400 -0.01708700 0.14429198
v -0.07167400 -0.04668700 0.12279199
v -0.07167400 0.01941300 0.14429198
v -0.07167400 0.06031300 0.08809201
v -0.06577399 0.02601300 0.08809201
v -0.06577399 0.02131300 0.07349198
v -0.06577399 0.04901300 0.05329196
v -0.06577399 0.06031300 0.08809201
v -0.06577399 0.00881300 0.06439202
v -0.06577399 0.01941300 0.03189199
v -0.06577399 -0.00648700 0.06439202
v -0.06577399 -0.01708700 0.03189199
v -0.06577399 -0.01898700 0.07349198
v -0.06577399 -0.04668700 0.05329196
v -0.06577399 -0.02368700 0.08809201
v -0.06577399 -0.05788700 0.08809201
v -0.06577399 -0.01898700 0.10269199
v -0.06577399 -0.04668700 0.12279199
v -0.06577399 -0.00648700 0.11169200
v -0.06577399 -0.01708700 0.14429198
v -0.06577399 0.00881300 0.11169200
v -0.06577399 0.01941300 0.14429198
v -0.06577399 0.02131300 0.10269199
v -0.06577399 0.04901300 0.12279199
v -0.11267400 -0.05258700 0.10759197
v -0.11267400 -0.05258700 0.03009199
v -0.07097399 -0.05258700 0.03009199
v -0.07097399 -0.05258700 0.10759197
v -0.11267400 -0.03208700 0.11819200
v -0.07097399 -0.03208700 0.11819200
v -0.11267400 0.00111300 0.12379198
v -0.07097399 0.00111300 0.12379198
v -0.11267400 0.03431300 0.11819200
v -0.07097399 0.03431300 0.11819200
v -0.11267400 0.05481300 0.10759197
v -0.07097399 0.05481300 0.10759197
v -0.11267400 0.05481300 0.03009199
v -0.07097399 0.05481300 0.03009199
v -0.11267400 -0.05258700 0.03009199
v -0.07097399 -0.05258700 0.03009199
v -0.07097399 0.03431300 0.11819200
v -0.07097399 -0.05258700 0.03009199
v -0.07097399 0.05481300 0.03009199
v -0.07097399 0.05481300 0.10759197
v -0.07097399 -0.03208700 0.11819200
v -0.07097399 0.00111300 0.12379198
v -0.07097399 -0.05258700 0.10759197
v -0.11267400 0.00111300 0.12379198
v -0.11267400 -0.05258700 0.03009199
v -0.11267400 -0.05258700 0.10759197
v -0.11267400 -0.03208700 0.11819200
v -0.11267400 0.05481300 0.10759197
v -0.11267400 0.03431300 0.11819200
v -0.11267400 0.05481300 0.03009199
v 0.01992600 -0.00858700 0.00689201
v 0.01992600 -0.00008700 0.00339197
v 0.01919401 -0.00008700 0.00689201
v 0.01919401 -0.00698700 0.00839196
v 0.01919401 0.00691300 0.00839196
v 0.01992600 0.00851300 0.00689201
v 0.01919401 0.00691300 0.02239196
v 0.01992600 0.00851300 0.02399199
v 0.01992600 -0.00008700 0.02749197
v 0.01919401 -0.00008700 0.02399199
v 0.01992600 -0.00858700 0.02399199
v 0.01919401 -0.00698700 0.02239196
v 0.01992600 0.01201300 0.01539199
v 0.01919401 0.00851300 0.01539199
v 0.01919401 -0.00008700 0.01539199
v 0.01919401 -0.00858700 0.01539199
v 0.01992600 -0.01208700 0.01539199
v 0.01828200 -0.04848700 -0.01370801
v 0.01828200 -0.04228700 -0.01760800
v 0.01828200 -0.04168700 -0.01370801
v 0.01828200 -0.04668700 -0.01190801
v 0.01828200 -0.03478700 -0.01900800
v 0.01828200 -0.03478700 -0.01460804
v 0.01992600 -0.04938700 -0.01460804
v 0.01992600 -0.04288700 -0.01900800
v 0.01992600 -0.03478700 -0.02060802
v 0.01828200 -0.02288700 -0.01190801
v 0.01828200 -0.02788700 -0.01370801
v 0.01828200 -0.02728700 -0.01760800
v 0.01828200 -0.02108700 -0.01370801
v 0.01992600 -0.02668700 -0.01900800
v 0.01992600 -0.02018700 -0.01460804
v 0.01828200 -0.02288700 0.01189201
v 0.01828200 -0.02108700 0.01369201
v 0.01828200 -0.02728700 0.01759200
v 0.01828200 -0.02788700 0.01369201
v 0.01828200 -0.03478700 0.01899199
v 0.01828200 -0.03478700 0.01459198
v 0.01992600 -0.02018700 0.01459198
v 0.01992600 -0.02668700 0.01899199
v 0.01992600 -0.03478700 0.02059196
v 0.01828200 -0.04168700 0.01369201
v 0.01828200 -0.04228700 0.01759200
v 0.01828200 -0.04848700 0.01369201
v 0.01828200 -0.04668700 0.01189201
v 0.01992600 -0.04288700 0.01899199
v 0.01992600 -0.04938700 0.01459198
v 0.01828200 -0.01718700 -0.00750799
v 0.01828200 -0.02108700 -0.00690801
v 0.01828200 -0.01578700 -0.00000800
v 0.01828200 -0.02018700 -0.00000800
v 0.01992600 -0.01578700 -0.00810803
v 0.01992600 -0.01418700 -0.00000800
v 0.01828200 -0.02108700 0.00689201
v 0.01828200 -0.01718700 0.00749199
v 0.01992600 -0.01578700 0.00809197
v 0.01828200 -0.02728700 -0.00750799
v 0.01828200 -0.03478700 -0.00810803
v 0.01828200 -0.02668700 -0.00000800
v 0.01828200 -0.03478700 -0.00000800
v 0.01828200 -0.04228700 -0.00750799
v 0.01828200 -0.04848700 -0.00690801
v 0.01828200 -0.04288700 -0.00000800
v 0.01828200 -0.04938700 -0.00000800
v 0.01828200 -0.04848700 0.00689201
v 0.01828200 -0.04228700 0.00749199
v 0.01828200 -0.03478700 0.00809197
v 0.01828200 -0.02728700 0.00749199
v 0.01828200 -0.05238700 -0.00750799
v 0.01992600 -0.05378700 -0.00810803
v 0.01828200 -0.05378700 -0.00000800
v 0.01992600 -0.05538700 -0.00000800
v 0.01828200 -0.05238700 0.00749199
v 0.01992600 -0.05378700 0.00809197
v 0.01992600 -0.00858700 -0.02400799
v 0.01992600 -0.00008700 -0.02760799
v 0.01919401 -0.00008700 -0.02400799
v 0.01919401 -0.00698700 -0.02250804
v 0.01919401 0.00691300 -0.02250804
v 0.01992600 0.00851300 -0.02400799
v 0.01919401 0.00691300 -0.00850804
v 0.01992600 0.00851300 -0.00690801
v 0.01992600 -0.00008700 -0.00340803
v 0.01919401 -0.00008700 -0.00690801
v 0.01992600 -0.00858700 -0.00690801
v 0.01919401 -0.00698700 -0.00850804
v 0.01992600 0.01201300 -0.01550801
v 0.01919401 0.00851300 -0.01550801
v 0.01919401 -0.00008700 -0.01550801
v 0.01919401 -0.00858700 -0.01550801
v 0.01992600 -0.01208700 -0.01550801
v 0.01828200 0.02141300 -0.01370801
v 0.01828200 0.02761300 -0.01760800
v 0.01828200 0.02821300 -0.01370801
v 0.01828200 0.02331300 -0.01190801
v 0.01828200 0.03521300 -0.01900800
v 0.01828200 0.03521300 -0.01460804
v 0.01992600 0.02061300 -0.01460804
v 0.01992600 0.02701300 -0.01900800
v 0.01992600 0.03521300 -0.02060802
v 0.01828200 0.04711300 -0.01190801
v 0.01828200 0.04211300 -0.01370801
v 0.01828200 0.04271300 -0.01760800
v 0.01828200 0.04891300 -0.01370801
v 0.01992600 0.04331300 -0.01900800
v 0.01992600 0.04971300 -0.01460804
v 0.01828200 0.04711300 0.01189201
v 0.01828200 0.04891300 0.01369201
v 0.01828200 0.04271300 0.01759200
v 0.01828200 0.04211300 0.01369201
v 0.01828200 0.03521300 0.01899199
v 0.01828200 0.03521300 0.01459198
v 0.01992600 0.04971300 0.01459198
v 0.01992600 0.04331300 0.01899199
v 0.01992600 0.03521300 0.02059196
v 0.01828200 0.02821300 0.01369201
v 0.01828200 0.02761300 0.01759200
v 0.01828200 0.02141300 0.01369201
v 0.01828200 0.02331300 0.01189201
v 0.01992600 0.02701300 0.01899199
v 0.01992600 0.02061300 0.01459198
v 0.01828200 0.05281300 -0.00750799
v 0.01828200 0.04891300 -0.00690801
v 0.01828200 0.05411300 -0.00000800
v 0.01828200 0.04971300 -0.00000800
v 0.01992600 0.05411300 -0.00810803
v 0.01992600 0.05581300 -0.00000800
v 0.01828200 0.04891300 0.00689201
v 0.01828200 0.05281300 0.00749199
v 0.01992600 0.05411300 0.00809197
v 0.01828200 0.04271300 -0.00750799
v 0.01828200 0.03521300 -0.00810803
v 0.01828200 0.04331300 -0.00000800
v 0.01828200 0.03521300 -0.00000800
v 0.01828200 0.02761300 -0.00750799
v 0.01828200 0.02141300 -0.00690801
v 0.01828200 0.02701300 -0.00000800
v 0.01828200 0.02061300 -0.00000800
v 0.01828200 0.02141300 0.00689201
v 0.01828200 0.02761300 0.00749199
v 0.01828200 0.03521300 0.00809197
v 0.01828200 0.04271300 0.00749199
v 0.01828200 0.01751300 -0.00750799
v 0.01992600 0.01621300 -0.00810803
v 0.01828200 0.01621300 -0.00000800
v 0.01992600 0.01451300 -0.00000800
v 0.01828200 0.01751300 0.00749199
v 0.01992600 0.01621300 0.00809197
v 0.01992600 -0.01418700 -0.00000800
v 0.01992600 -0.00858700 0.00689201
v 0.01992600 -0.01208700 0.01539199
v 0.01992600 -0.01578700 0.00809197
v 0.01992600 -0.00858700 -0.00690801
v 0.01992600 -0.01578700 -0.00810803
v 0.01992600 -0.01208700 -0.01550801
v 0.01992600 -0.00008700 -0.00340803
v 0.01992600 -0.00858700 0.02399199
v 0.01992600 -0.02018700 0.01459198
v 0.01992600 0.01621300 0.00809197
v 0.01992600 0.01201300 0.01539199
v 0.01992600 0.00851300 0.00689201
v 0.01992600 0.01451300 -0.00000800
v 0.01992600 0.01201300 -0.01550801
v 0.01992600 0.01621300 -0.00810803
v 0.01992600 0.00851300 -0.00690801
v 0.01992600 0.00851300 -0.02400799
v 0.01992600 0.02061300 -0.01460804
v 0.01992600 0.02061300 0.01459198
v 0.01992600 0.00851300 0.02399199
v 0.01992600 -0.02018700 -0.01460804
v 0.01992600 -0.00858700 -0.02400799
v 0.01992600 -0.01538700 0.03089200
v 0.01992600 -0.00008700 0.02749197
v 0.01992600 -0.00018700 0.03119199
v 0.01992600 0.01501300 0.03089200
v 0.01992600 -0.05018700 -0.02150799
v 0.01992600 -0.04288700 -0.01900800
v 0.01992600 -0.04938700 -0.01460804
v 0.01992600 -0.05248700 -0.02030803
v 0.01992600 -0.04508700 -0.02390803
v 0.01992600 -0.03478700 -0.02060802
v 0.01992600 -0.02418700 -0.02930804
v 0.01992600 -0.02668700 -0.01900800
v 0.01992600 -0.03418700 -0.02740802
v 0.01992600 -0.06238700 0.02029197
v 0.01992600 -0.04938700 0.01459198
v 0.01992600 -0.04288700 0.01899199
v 0.01992600 -0.05788700 0.02639197
v 0.01992600 -0.03478700 0.02059196
v 0.01992600 -0.05328700 0.02869199
v 0.01992600 -0.04768700 0.02929197
v 0.01992600 -0.02668700 0.01899199
v 0.01992600 -0.02018700 0.01459198
v 0.01992600 -0.02568700 0.03069197
v 0.01992600 -0.04768700 0.02929197
v 0.01992600 -0.02668700 0.01899199
v 0.01992600 -0.05378700 -0.00810803
v 0.01992600 -0.05988700 -0.01130803
v 0.01992600 -0.05538700 -0.00000800
v 0.01992600 -0.06218700 -0.00000800
v 0.01992600 -0.06278700 0.01129197
v 0.01992600 -0.05378700 0.00809197
v 0.01992600 -0.00018700 -0.03180803
v 0.01992600 -0.00008700 -0.02760799
v 0.01992600 -0.01538700 -0.03100802
v 0.01992600 0.01501300 -0.03100802
v 0.01992600 0.03461300 -0.02740802
v 0.01992600 0.02701300 -0.01900800
v 0.01992600 0.02471300 -0.02930804
v 0.01992600 0.04551300 -0.02390803
v 0.01992600 0.03521300 -0.02060802
v 0.01992600 0.05291300 -0.02030803
v 0.01992600 0.04971300 -0.01460804
v 0.01992600 0.04331300 -0.01900800
v 0.01992600 0.05061300 -0.02150799
v 0.01992600 0.05831300 0.02639197
v 0.01992600 0.04331300 0.01899199
v 0.01992600 0.04971300 0.01459198
v 0.01992600 0.06281300 0.02029197
v 0.01992600 0.05371300 0.02869199
v 0.01992600 0.03521300 0.02059196
v 0.01992600 0.02611300 0.03069197
v 0.01992600 0.02701300 0.01899199
v 0.01992600 0.04811300 0.02929197
v 0.01992600 0.06031300 -0.01130803
v 0.01992600 0.05411300 -0.00810803
v 0.01992600 0.06261300 -0.00000800
v 0.01992600 0.05581300 -0.00000800
v 0.01992600 0.05411300 0.00809197
v 0.01992600 0.06331300 0.01129197
v 0.01992600 -0.00008700 0.00339197
v -0.10447400 -0.01538700 0.03089200
v 0.01992600 -0.01538700 0.03089200
v 0.01992600 -0.00018700 0.03119199
v -0.10447400 -0.00018700 0.03119199
v -0.10447400 -0.00018700 0.03119199
v 0.01992600 -0.00018700 0.03119199
v 0.01992600 0.01501300 0.03089200
v -0.10447400 0.01501300 0.03089200
v -0.10447400 -0.05018700 -0.02150799
v 0.01992600 -0.05018700 -0.02150799
v 0.01992600 -0.05248700 -0.02030803
v -0.10447400 -0.05248700 -0.02030803
v -0.10447400 -0.04508700 -0.02390803
v 0.01992600 -0.04508700 -0.02390803
v 0.01992600 -0.05018700 -0.02150799
v -0.10447400 -0.05018700 -0.02150799
v -0.10447400 -0.02418700 -0.02930804
v 0.01992600 -0.02418700 -0.02930804
v 0.01992600 -0.03418700 -0.02740802
v -0.10447400 -0.03418700 -0.02740802
v -0.10447400 -0.03418700 -0.02740802
v 0.01992600 -0.03418700 -0.02740802
v 0.01992600 -0.04508700 -0.02390803
v -0.10447400 -0.04508700 -0.02390803
v -0.10447400 -0.06238700 0.02029197
v 0.01992600 -0.06238700 0.02029197
v 0.01992600 -0.05788700 0.02639197
v -0.10447400 -0.05788700 0.02639197
v -0.10447400 -0.05788700 0.02639197
v 0.01992600 -0.05788700 0.02639197
v 0.01992600 -0.05328700 0.02869199
v -0.10447400 -0.05328700 0.02869199
v -0.10447400 -0.04768700 0.02929197
v 0.01992600 -0.04768700 0.02929197
v 0.01992600 -0.02568700 0.03069197
v -0.10447400 -0.02568700 0.03069197
v -0.10447400 -0.05328700 0.02869199
v 0.01992600 -0.05328700 0.02869199
v 0.01992600 -0.04768700 0.02929197
v -0.10447400 -0.04768700 0.02929197
v -0.10447400 -0.05248700 -0.02030803
v 0.01992600 -0.05248700 -0.02030803
v 0.01992600 -0.05988700 -0.01130803
v -0.10447400 -0.05988700 -0.01130803
v -0.10447400 -0.05988700 -0.01130803
v 0.01992600 -0.05988700 -0.01130803
v 0.01992600 -0.06218700 -0.00000800
v -0.10447400 -0.06218700 -0.00000800
v -0.10447400 -0.06278700 0.01129197
v 0.01992600 -0.06278700 0.01129197
v 0.01992600 -0.06238700 0.02029197
v -0.10447400 -0.06238700 0.02029197
v -0.10447400 -0.06218700 -0.00000800
v 0.01992600 -0.06218700 -0.00000800
v 0.01992600 -0.06278700 0.01129197
v -0.10447400 -0.06278700 0.01129197
v -0.10447400 -0.00018700 -0.03180803
v 0.01992600 -0.00018700 -0.03180803
v 0.01992600 -0.01538700 -0.03100802
v -0.10447400 -0.01538700 -0.03100802
v -0.10447400 0.01501300 -0.03100802
v 0.01992600 0.01501300 -0.03100802
v 0.01992600 -0.00018700 -0.03180803
v -0.10447400 -0.00018700 -0.03180803
v -0.10447400 0.03461300 -0.02740802
v 0.01992600 0.03461300 -0.02740802
v 0.01992600 0.02471300 -0.02930804
v -0.10447400 0.02471300 -0.02930804
v -0.10447400 0.04551300 -0.02390803
v 0.01992600 0.04551300 -0.02390803
v 0.01992600 0.03461300 -0.02740802
v -0.10447400 0.03461300 -0.02740802
v -0.10447400 0.05291300 -0.02030803
v 0.01992600 0.05291300 -0.02030803
v 0.01992600 0.05061300 -0.02150799
v -0.10447400 0.05061300 -0.02150799
v -0.10447400 0.05061300 -0.02150799
v 0.01992600 0.05061300 -0.02150799
v 0.01992600 0.04551300 -0.02390803
v -0.10447400 0.04551300 -0.02390803
v -0.10447400 0.05831300 0.02639197
v 0.01992600 0.05831300 0.02639197
v 0.01992600 0.06281300 0.02029197
v -0.10447400 0.06281300 0.02029197
v -0.10447400 0.05371300 0.02869199
v 0.01992600 0.05371300 0.02869199
v 0.01992600 0.05831300 0.02639197
v -0.10447400 0.05831300 0.02639197
v -0.10447400 0.02611300 0.03069197
v 0.01992600 0.02611300 0.03069197
v 0.01992600 0.04811300 0.02929197
v -0.10447400 0.04811300 0.02929197
v -0.10447400 0.04811300 0.02929197
v 0.01992600 0.04811300 0.02929197
v 0.01992600 0.05371300 0.02869199
v -0.10447400 0.05371300 0.02869199
v -0.10447400 0.06031300 -0.01130803
v 0.01992600 0.06031300 -0.01130803
v 0.01992600 0.05291300 -0.02030803
v -0.10447400 0.05291300 -0.02030803
v -0.10447400 0.06261300 -0.00000800
v 0.01992600 0.06261300 -0.00000800
v 0.01992600 0.06031300 -0.01130803
v -0.10447400 0.06031300 -0.01130803
v -0.10447400 0.06281300 0.02029197
v 0.01992600 0.06281300 0.02029197
v 0.01992600 0.06331300 0.01129197
v -0.10447400 0.06331300 0.01129197
v -0.10447400 0.06331300 0.01129197
v 0.01992600 0.06331300 0.01129197
v 0.01992600 0.06261300 -0.00000800
v -0.10447400 0.06261300 -0.00000800
v -0.10447400 -0.02568700 0.03069197
v 0.01992600 -0.02568700 0.03069197
v -0.10447400 0.02471300 -0.02930804
v 0.01992600 0.02471300 -0.02930804
v 0.01992600 0.01501300 -0.03100802
v -0.10447400 0.01501300 -0.03100802
v 0.01992600 0.02611300 0.03069197
v -0.10447400 0.02611300 0.03069197
v -0.10447400 -0.01538700 -0.03100802
v 0.01992600 -0.01538700 -0.03100802
v -0.01647399 -0.11778700 0.01189201
v -0.00047401 -0.11778700 0.01959197
v -0.00047401 -0.09258700 0.01959197
v -0.01647399 -0.09258700 0.01189201
v -0.02047400 -0.11778700 -0.00550802
v -0.02047400 -0.09258700 -0.00550802
v -0.00937399 -0.11778700 -0.01940800
v -0.00937399 -0.09258700 -0.01940800
v 0.00842600 -0.11778700 -0.01940800
v 0.00842600 -0.09258700 -0.01940800
v 0.01952600 -0.11778700 -0.00550802
v 0.00842600 -0.11778700 -0.01940800
v 0.01952600 -0.09258700 -0.00550802
v 0.01562600 -0.11778700 0.01189201
v 0.01562600 -0.09258700 0.01189201
v -0.00937399 -0.09258700 -0.01940800
v -0.00047401 -0.09258700 0.01959197
v 0.01952600 -0.09258700 -0.00550802
v 0.00842600 -0.09258700 -0.01940800
v -0.01647399 -0.09258700 0.01189201
v -0.02047400 -0.09258700 -0.00550802
v 0.01562600 -0.09258700 0.01189201
v -0.00817400 -0.09968700 -0.01700802
v 0.01352601 -0.09968700 0.01029198
v -0.01447400 -0.09968700 0.01029198
v -0.01787400 -0.09968700 -0.00490804
v 0.01702601 -0.09968700 -0.00490804
v 0.00732601 -0.09968700 -0.01700802
v -0.00047401 -0.09968700 0.01699196
v -0.01447400 -0.11778700 0.01029198
v -0.00047401 -0.11778700 0.01699196
v -0.00047401 -0.11778700 0.01959197
v -0.01647399 -0.11778700 0.01189201
v -0.01787400 -0.11778700 -0.00490804
v -0.02047400 -0.11778700 -0.00550802
v -0.00817400 -0.11778700 -0.01700802
v -0.00937399 -0.11778700 -0.01940800
v 0.00732601 -0.11778700 -0.01700802
v 0.00842600 -0.11778700 -0.01940800
v 0.01702601 -0.11778700 -0.00490804
v 0.01952600 -0.11778700 -0.00550802
v 0.01352601 -0.11778700 0.01029198
v 0.01562600 -0.11778700 0.01189201
v -0.01447400 -0.09968700 0.01029198
v -0.00047401 -0.09968700 0.01699196
v -0.00047401 -0.11778700 0.01699196
v -0.01447400 -0.11778700 0.01029198
v -0.01787400 -0.09968700 -0.00490804
v -0.01447400 -0.09968700 0.01029198
v -0.01447400 -0.11778700 0.01029198
v -0.01787400 -0.11778700 -0.00490804
v -0.00817400 -0.09968700 -0.01700802
v -0.01787400 -0.09968700 -0.00490804
v -0.01787400 -0.11778700 -0.00490804
v -0.00817400 -0.11778700 -0.01700802
v 0.00732601 -0.09968700 -0.01700802
v -0.00817400 -0.09968700 -0.01700802
v -0.00817400 -0.11778700 -0.01700802
v 0.00732601 -0.11778700 -0.01700802
v 0.01702601 -0.09968700 -0.00490804
v 0.00732601 -0.09968700 -0.01700802
v 0.00732601 -0.11778700 -0.01700802
v 0.01702601 -0.11778700 -0.00490804
v 0.01352601 -0.09968700 0.01029198
v 0.01702601 -0.09968700 -0.00490804
v 0.01702601 -0.11778700 -0.00490804
v 0.01352601 -0.11778700 0.01029198
v -0.00047401 -0.09968700 0.01699196
v 0.01352601 -0.09968700 0.01029198
v 0.01352601 -0.11778700 0.01029198
v -0.00047401 -0.11778700 0.01699196
v 0.01562600 0.11721300 0.01189201
v -0.00047401 0.11721300 0.01959197
v -0.00047401 0.09201300 0.01959197
v 0.01562600 0.09201300 0.01189201
v 0.01952600 0.11721300 -0.00550802
v 0.01952600 0.09201300 -0.00550802
v 0.00842600 0.11721300 -0.01940800
v 0.00842600 0.09201300 -0.01940800
v -0.00937399 0.11721300 -0.01940800
v 0.00842600 0.11721300 -0.01940800
v 0.00842600 0.09201300 -0.01940800
v -0.00937399 0.09201300 -0.01940800
v -0.02047400 0.11721300 -0.00550802
v -0.02047400 0.09201300 -0.00550802
v -0.01647399 0.11721300 0.01189201
v -0.01647399 0.09201300 0.01189201
v 0.00842600 0.09201300 -0.01940800
v -0.00047401 0.09201300 0.01959197
v -0.02047400 0.09201300 -0.00550802
v -0.00937399 0.09201300 -0.01940800
v 0.01562600 0.09201300 0.01189201
v 0.01952600 0.09201300 -0.00550802
v -0.01647399 0.09201300 0.01189201
v 0.00732601 0.09911300 -0.01700802
v -0.01447400 0.09911300 0.01029198
v 0.01352601 0.09911300 0.01029198
v 0.01702601 0.09911300 -0.00490804
v -0.01787400 0.09911300 -0.00490804
v -0.00817400 0.09911300 -0.01700802
v -0.00047401 0.09911300 0.01699196
v 0.01352601 0.11721300 0.01029198
v -0.00047401 0.11721300 0.01699196
v -0.00047401 0.11721300 0.01959197
v 0.01562600 0.11721300 0.01189201
v 0.01702601 0.11721300 -0.00490804
v 0.01952600 0.11721300 -0.00550802
v 0.00732601 0.11721300 -0.01700802
v 0.00842600 0.11721300 -0.01940800
v -0.00817400 0.11721300 -0.01700802
v -0.00937399 0.11721300 -0.01940800
v -0.01787400 0.11721300 -0.00490804
v -0.02047400 0.11721300 -0.00550802
v -0.01447400 0.11721300 0.01029198
v -0.01647399 0.11721300 0.01189201
v 0.01352601 0.09911300 0.01029198
v -0.00047401 0.09911300 0.01699196
v -0.00047401 0.11721300 0.01699196
v 0.01352601 0.11721300 0.01029198
v 0.01702601 0.09911300 -0.00490804
v 0.01352601 0.09911300 0.01029198
v 0.01352601 0.11721300 0.01029198
v 0.01702601 0.11721300 -0.00490804
v 0.00732601 0.09911300 -0.01700802
v 0.01702601 0.09911300 -0.00490804
v 0.01702601 0.11721300 -0.00490804
v 0.00732601 0.11721300 -0.01700802
v -0.00817400 0.09911300 -0.01700802
v 0.00732601 0.09911300 -0.01700802
v 0.00732601 0.11721300 -0.01700802
v -0.00817400 0.11721300 -0.01700802
v -0.01787400 0.09911300 -0.00490804
v -0.00817400 0.09911300 -0.01700802
v -0.00817400 0.11721300 -0.01700802
v -0.01787400 0.11721300 -0.00490804
v -0.01447400 0.09911300 0.01029198
v -0.01787400 0.09911300 -0.00490804
v -0.01787400 0.11721300 -0.00490804
v -0.01447400 0.11721300 0.01029198
v -0.00047401 0.09911300 0.01699196
v -0.01447400 0.09911300 0.01029198
v -0.01447400 0.11721300 0.01029198
v -0.00047401 0.11721300 0.01699196
v -0.11197400 0.06871300 -0.03220804
v -0.11197400 -0.06878700 -0.03220804
v -0.12207400 -0.06878700 -0.03220804
v -0.12207400 0.06871300 -0.03220804
v -0.12207400 0.06871300 0.03139196
v -0.12207400 -0.06878700 0.03139196
v -0.11197400 -0.06878700 0.03139196
v -0.11197400 0.06871300 0.03139196
v -0.11197400 -0.06878700 0.03139196
v -0.11197400 -0.06878700 -0.03220804
v -0.11197400 0.06871300 -0.03220804
v -0.11197400 0.06871300 0.03139196
v -0.12207400 0.09141300 0.02749197
v -0.11197400 0.09141300 0.02749197
v -0.11197400 0.09141300 -0.02840801
v -0.12207400 0.09141300 -0.02840801
v -0.12207400 0.06871300 0.03139196
v -0.12207400 0.06871300 -0.03220804
v -0.12207400 -0.06878700 -0.03220804
v -0.12207400 -0.06878700 0.03139196
v -0.11197400 -0.09148700 0.02749197
v -0.12207400 -0.09148700 0.02749197
v -0.12207400 -0.09148700 -0.02840801
v -0.11197400 -0.09148700 -0.02840801
v -0.11197400 0.07821300 -0.03220804
v -0.12207400 0.07821300 -0.03220804
v -0.12207400 0.08441300 -0.03220804
v -0.11197400 0.08441300 -0.03220804
v -0.12207400 -0.07828700 -0.03220804
v -0.11197400 -0.07828700 -0.03220804
v -0.11197400 -0.08448700 -0.03220804
v -0.12207400 -0.08448700 -0.03220804
v -0.12207400 0.07821300 0.03139196
v -0.11197400 0.07821300 0.03139196
v -0.11197400 0.08441300 0.03139196
v -0.12207400 0.08441300 0.03139196
v -0.11197400 -0.07828700 0.03139196
v -0.12207400 -0.07828700 0.03139196
v -0.12207400 -0.08448700 0.03139196
v -0.11197400 -0.08448700 0.03139196
v -0.10377400 0.09141300 -0.02840801
v -0.10387400 0.07821300 0.03139196
v -0.10387400 0.07821300 -0.03220804
v -0.10377400 0.08441300 -0.03220804
v -0.10377400 0.08441300 0.03139196
v -0.10377400 0.09141300 0.02749197
v -0.10377400 -0.09148700 0.02749197
v -0.10387400 -0.07828700 -0.03220804
v -0.10387400 -0.07828700 0.03139196
v -0.10377400 -0.08448700 0.03139196
v -0.10377400 -0.08448700 -0.03220804
v -0.10377400 -0.09148700 -0.02840801
v -0.12207400 -0.09148700 -0.02840801
v -0.12207400 -0.07828700 0.03139196
v -0.12207400 -0.07828700 -0.03220804
v -0.12207400 -0.08448700 -0.03220804
v -0.12207400 -0.08448700 0.03139196
v -0.12207400 -0.09148700 0.02749197
v -0.12207400 0.09141300 0.02749197
v -0.12207400 0.07821300 -0.03220804
v -0.12207400 0.07821300 0.03139196
v -0.12207400 0.08441300 0.03139196
v -0.12207400 0.08441300 -0.03220804
v -0.12207400 0.09141300 -0.02840801
v -0.12207400 -0.06878700 -0.03220804
v -0.11197400 -0.06878700 -0.03220804
v -0.11197400 0.06871300 0.03139196
v -0.12207400 0.06871300 0.03139196
v -0.10387400 0.07821300 -0.03220804
v -0.10397400 0.06871300 -0.03220804
v -0.10387400 -0.07828700 0.03139196
v -0.10397400 -0.06878700 0.03139196
v -0.10397400 -0.06878700 -0.03220804
v -0.10387400 -0.07828700 -0.03220804
v -0.10397400 0.06871300 0.03139196
v -0.10387400 0.07821300 0.03139196
v -0.10397400 0.06871300 -0.03220804
v -0.10397400 0.06871300 0.03139196
v -0.11197400 0.06871300 0.03139196
v -0.11197400 0.06871300 -0.03220804
v -0.10397400 -0.06878700 0.03139196
v -0.10397400 -0.06878700 -0.03220804
v -0.11197400 -0.06878700 -0.03220804
v -0.11197400 -0.06878700 0.03139196
v -0.06767400 0.08601300 -0.02260800
v -0.06767400 0.07651300 -0.02260800
v -0.10397400 0.06871300 -0.03220804
v -0.10387400 0.07821300 -0.03220804
v -0.06767400 -0.08698700 0.02169196
v -0.06767400 -0.07748700 0.02169196
v -0.10397400 -0.06878700 0.03139196
v -0.10387400 -0.07828700 0.03139196
v -0.06767400 0.08601300 0.02169196
v -0.06767400 0.08601300 -0.02260800
v -0.10387400 0.07821300 -0.03220804
v -0.10387400 0.07821300 0.03139196
v -0.06767400 -0.08698700 -0.02260800
v -0.06767400 -0.08698700 0.02169196
v -0.10387400 -0.07828700 0.03139196
v -0.10387400 -0.07828700 -0.03220804
v -0.06767400 -0.07748700 -0.02260800
v -0.06767400 -0.08698700 -0.02260800
v -0.10387400 -0.07828700 -0.03220804
v -0.10397400 -0.06878700 -0.03220804
v -0.06767400 0.07651300 0.02169196
v -0.06767400 0.08601300 0.02169196
v -0.10387400 0.07821300 0.03139196
v -0.10397400 0.06871300 0.03139196
v -0.06767400 0.07651300 -0.02260800
v -0.06767400 0.07651300 0.02169196
v -0.10397400 0.06871300 0.03139196
v -0.10397400 0.06871300 -0.03220804
v -0.06767400 -0.07748700 0.02169196
v -0.06767400 -0.07748700 -0.02260800
v -0.10397400 -0.06878700 -0.03220804
v -0.10397400 -0.06878700 0.03139196
v -0.02957399 0.09021300 -0.01910801
v -0.02957399 0.08071300 -0.01910801
v -0.06767400 0.07651300 -0.02260800
v -0.06767400 0.08601300 -0.02260800
v -0.02957399 -0.09058700 0.01819198
v -0.02957399 -0.08108700 0.01819198
v -0.06767400 -0.07748700 0.02169196
v -0.06767400 -0.08698700 0.02169196
v -0.02957399 0.09021300 0.01819198
v -0.02957399 0.09021300 -0.01910801
v -0.06767400 0.08601300 -0.02260800
v -0.06767400 0.08601300 0.02169196
v -0.02957399 -0.09058700 -0.01910801
v -0.02957399 -0.09058700 0.01819198
v -0.06767400 -0.08698700 0.02169196
v -0.06767400 -0.08698700 -0.02260800
v -0.02957399 -0.08108700 -0.01910801
v -0.02957399 -0.09058700 -0.01910801
v -0.06767400 -0.08698700 -0.02260800
v -0.06767400 -0.07748700 -0.02260800
v -0.02957399 0.08071300 0.01819198
v -0.02957399 0.09021300 0.01819198
v -0.06767400 0.08601300 0.02169196
v -0.06767400 0.07651300 0.02169196
v -0.02957399 0.08071300 -0.01910801
v -0.02957399 0.08071300 0.01819198
v -0.06767400 0.07651300 0.02169196
v -0.06767400 0.07651300 -0.02260800
v -0.02957399 -0.08108700 0.01819198
v -0.02957399 -0.08108700 -0.01910801
v -0.06767400 -0.07748700 -0.02260800
v -0.06767400 -0.07748700 0.02169196
v -0.00127400 0.09021300 -0.01910801
v -0.00127400 0.08071300 -0.01910801
v -0.02957399 0.08071300 -0.01910801
v -0.02957399 0.09021300 -0.01910801
v -0.00127400 -0.09058700 0.01819198
v -0.00127400 -0.08108700 0.01819198
v -0.02957399 -0.08108700 0.01819198
v -0.02957399 -0.09058700 0.01819198
v -0.00127400 0.09021300 0.01819198
v -0.00127400 0.09021300 -0.01910801
v -0.02957399 0.09021300 -0.01910801
v -0.02957399 0.09021300 0.01819198
v -0.00127400 -0.09058700 -0.01910801
v -0.00127400 -0.09058700 0.01819198
v -0.02957399 -0.09058700 0.01819198
v -0.02957399 -0.09058700 -0.01910801
v -0.00127400 -0.08108700 -0.01910801
v -0.00127400 -0.09058700 -0.01910801
v -0.02957399 -0.09058700 -0.01910801
v -0.02957399 -0.08108700 -0.01910801
v -0.00127400 0.08071300 0.01819198
v -0.00127400 0.09021300 0.01819198
v -0.02957399 0.09021300 0.01819198
v -0.02957399 0.08071300 0.01819198
v -0.00127400 0.08071300 -0.01910801
v -0.00127400 0.08071300 0.01819198
v -0.02957399 0.08071300 0.01819198
v -0.02957399 0.08071300 -0.01910801
v -0.00127400 -0.08108700 0.01819198
v -0.00127400 -0.08108700 -0.01910801
v -0.02957399 -0.08108700 -0.01910801
v -0.02957399 -0.08108700 0.01819198
v -0.00127400 0.08071300 -0.01910801
v -0.00127400 0.09021300 -0.01910801
v -0.00127400 0.09021300 0.01819198
v -0.00127400 0.08071300 0.01819198
v -0.00127400 -0.08108700 0.01819198
v -0.00127400 -0.09058700 0.01819198
v -0.00127400 -0.09058700 -0.01910801
v -0.00127400 -0.08108700 -0.01910801
v -0.12207400 -0.09148700 -0.02840801
v -0.12207400 -0.08448700 -0.03220804
v -0.11197400 -0.08448700 -0.03220804
v -0.11197400 -0.09148700 -0.02840801
v -0.11197400 0.09141300 -0.02840801
v -0.11197400 0.08441300 -0.03220804
v -0.12207400 0.08441300 -0.03220804
v -0.12207400 0.09141300 -0.02840801
v -0.12207400 0.09141300 0.02749197
v -0.12207400 0.08441300 0.03139196
v -0.11197400 0.08441300 0.03139196
v -0.11197400 0.09141300 0.02749197
v -0.11197400 -0.09148700 0.02749197
v -0.11197400 -0.08448700 0.03139196
v -0.12207400 -0.08448700 0.03139196
v -0.12207400 -0.09148700 0.02749197
v -0.10377400 0.08441300 -0.03220804
v -0.10377400 0.09141300 -0.02840801
v -0.10377400 0.08441300 -0.03220804
v -0.10377400 0.09141300 0.02749197
v -0.10377400 0.09141300 -0.02840801
v -0.10377400 0.08441300 0.03139196
v -0.10377400 0.09141300 0.02749197
v -0.10377400 0.08441300 0.03139196
v -0.10377400 -0.08448700 0.03139196
v -0.10377400 -0.09148700 0.02749197
v -0.10377400 -0.08448700 0.03139196
v -0.10377400 -0.09148700 -0.02840801
v -0.10377400 -0.09148700 0.02749197
v -0.10377400 -0.08448700 -0.03220804
v -0.10377400 -0.09148700 -0.02840801
v -0.10377400 -0.08448700 -0.03220804
vt 0.13228400 0.92540097
vt 0.12949900 0.92095798
vt 0.13849901 0.91642499
vt 0.14114000 0.92033899
vt 0.13491300 0.92970800
vt 0.14368001 0.92458898
vt 0.12521200 0.89951497
vt 0.12559900 0.89445800
vt 0.13586800 0.89496100
vt 0.13537100 0.89978099
vt 0.12489400 0.90489298
vt 0.13486899 0.90433300
vt 0.12534600 0.91053498
vt 0.13503300 0.90861303
vt 0.12697200 0.91602200
vt 0.13628601 0.91262299
vt 0.14257200 0.91532600
vt 0.14495599 0.91883099
vt 0.14114000 0.92033899
vt 0.13849901 0.91642499
vt 0.14495599 0.91883099
vt 0.14696901 0.92246699
vt 0.14368001 0.92458898
vt 0.14114000 0.92033899
vt 0.13996901 0.89498103
vt 0.13950600 0.89916301
vt 0.13537100 0.89978099
vt 0.13586800 0.89496100
vt 0.13950600 0.89916301
vt 0.13899200 0.90333402
vt 0.13486899 0.90433300
vt 0.13537100 0.89978099
vt 0.13899200 0.90333402
vt 0.13918300 0.90762299
vt 0.13503300 0.90861303
vt 0.13503300 0.90861303
vt 0.13486899 0.90433300
vt 0.13899200 0.90333402
vt 0.13918300 0.90762299
vt 0.14045100 0.91168702
vt 0.13628601 0.91262299
vt 0.13503300 0.90861303
vt 0.14045100 0.91168702
vt 0.14257200 0.91532600
vt 0.13849901 0.91642499
vt 0.13628601 0.91262299
vt 0.14734501 0.91417998
vt 0.14740200 0.91808802
vt 0.14495599 0.91883099
vt 0.14495599 0.91883099
vt 0.14257200 0.91532600
vt 0.14734501 0.91417998
vt 0.14740200 0.91808802
vt 0.14859000 0.92158198
vt 0.14696901 0.92246699
vt 0.14495599 0.91883099
vt 0.14186101 0.89478302
vt 0.14303900 0.89841300
vt 0.13950600 0.89916301
vt 0.13950600 0.89916301
vt 0.13996901 0.89498103
vt 0.14186101 0.89478302
vt 0.14303900 0.89841300
vt 0.14508700 0.90188599
vt 0.13899200 0.90333402
vt 0.13899200 0.90333402
vt 0.13950600 0.89916301
vt 0.14303900 0.89841300
vt 0.14508700 0.90188599
vt 0.14683101 0.90579098
vt 0.13918300 0.90762299
vt 0.13918300 0.90762299
vt 0.13899200 0.90333402
vt 0.14508700 0.90188599
vt 0.14683101 0.90579098
vt 0.14751600 0.91001099
vt 0.14045100 0.91168702
vt 0.14045100 0.91168702
vt 0.13918300 0.90762299
vt 0.14683101 0.90579098
vt 0.14751600 0.91001099
vt 0.14734501 0.91417998
vt 0.14257200 0.91532600
vt 0.14257200 0.91532600
vt 0.14045100 0.91168702
vt 0.14751600 0.91001099
vt 0.24984300 0.76853198
vt 0.24602900 0.76838303
vt 0.24510700 0.76418000
vt 0.24510700 0.76418000
vt 0.24872001 0.76108402
vt 0.24984300 0.76853198
vt 0.24602900 0.76838303
vt 0.24231900 0.76897597
vt 0.24087000 0.76606899
vt 0.24087000 0.76606899
vt 0.24510700 0.76418000
vt 0.24602900 0.76838303
vt 0.26768199 0.77032799
vt 0.26399401 0.76952201
vt 0.26609400 0.76412803
vt 0.26609400 0.76412803
vt 0.26952100 0.76752597
vt 0.26768199 0.77032799
vt 0.26399401 0.76952201
vt 0.26039299 0.76940298
vt 0.26268199 0.76056999
vt 0.26268199 0.76056999
vt 0.26609400 0.76412803
vt 0.26399401 0.76952201
vt 0.26039299 0.76940298
vt 0.25685099 0.76936698
vt 0.25812900 0.75818902
vt 0.25812900 0.75818902
vt 0.26268199 0.76056999
vt 0.26039299 0.76940298
vt 0.25685099 0.76936698
vt 0.25342399 0.76904398
vt 0.25304401 0.75850803
vt 0.25304401 0.75850803
vt 0.25812900 0.75818902
vt 0.25685099 0.76936698
vt 0.25342399 0.76904398
vt 0.24984300 0.76853198
vt 0.24872001 0.76108402
vt 0.24872001 0.76108402
vt 0.25304401 0.75850803
vt 0.25342399 0.76904398
vt 0.24986900 0.78800100
vt 0.24718900 0.78790200
vt 0.24602900 0.76838303
vt 0.24602900 0.76838303
vt 0.24984300 0.76853198
vt 0.24986900 0.78800100
vt 0.24718900 0.78790200
vt 0.24449000 0.78796101
vt 0.24231900 0.76897597
vt 0.24231900 0.76897597
vt 0.24602900 0.76838303
vt 0.24718900 0.78790200
vt 0.26347801 0.78912699
vt 0.26086500 0.78879797
vt 0.26399401 0.76952201
vt 0.26399401 0.76952201
vt 0.26768199 0.77032799
vt 0.26347801 0.78912699
vt 0.26086500 0.78879797
vt 0.25810099 0.78859699
vt 0.26039299 0.76940298
vt 0.26399401 0.76952201
vt 0.25810099 0.78859699
vt 0.25538701 0.78845102
vt 0.25685099 0.76936698
vt 0.25685099 0.76936698
vt 0.26039299 0.76940298
vt 0.25810099 0.78859699
vt 0.25538701 0.78845102
vt 0.25259101 0.78823298
vt 0.25342399 0.76904398
vt 0.25342399 0.76904398
vt 0.25685099 0.76936698
vt 0.25538701 0.78845102
vt 0.25259101 0.78823298
vt 0.24986900 0.78800100
vt 0.24984300 0.76853198
vt 0.24984300 0.76853198
vt 0.25342399 0.76904398
vt 0.25259101 0.78823298
vt 0.24930499 0.79996300
vt 0.24670300 0.79986799
vt 0.24718900 0.78790200
vt 0.24986900 0.78800100
vt 0.24670300 0.79986799
vt 0.24402399 0.79979300
vt 0.24449000 0.78796101
vt 0.24718900 0.78790200
vt 0.26249000 0.80096000
vt 0.25988600 0.80072802
vt 0.26086500 0.78879797
vt 0.26347801 0.78912699
vt 0.25988600 0.80072802
vt 0.25719601 0.80050898
vt 0.25810099 0.78859699
vt 0.26086500 0.78879797
vt 0.25719601 0.80050898
vt 0.25459099 0.80032998
vt 0.25538701 0.78845102
vt 0.25810099 0.78859699
vt 0.25459099 0.80032998
vt 0.25191399 0.80013698
vt 0.25259101 0.78823298
vt 0.25538701 0.78845102
vt 0.25191399 0.80013698
vt 0.24930499 0.79996300
vt 0.24986900 0.78800100
vt 0.25259101 0.78823298
vt 0.30563200 0.58926398
vt 0.30364001 0.58489698
vt 0.30945900 0.58637899
vt 0.30828699 0.58875901
vt 0.30358300 0.58762002
vt 0.30575499 0.58333802
vt 0.30838701 0.58395302
vt 0.07204900 0.50034398
vt 0.07208300 0.48484400
vt 0.08506300 0.48488101
vt 0.08501600 0.50031102
vt 0.05905600 0.50026602
vt 0.05909100 0.48476601
vt 0.04607100 0.50022501
vt 0.04610700 0.48472500
vt 0.03309300 0.50019503
vt 0.03313000 0.48469400
vt 0.02010900 0.50017500
vt 0.02014600 0.48467401
vt 0.09798000 0.50042599
vt 0.09804500 0.48492599
vt 0.11103700 0.48493001
vt 0.11097300 0.50043100
vt 0.90805000 0.44890299
vt 0.97898602 0.43419999
vt 0.96442997 0.46294600
vt 0.93285203 0.46948001
vt 0.93428499 0.39712301
vt 0.90868801 0.41670099
vt 0.96557999 0.40490100
vt 0.04681900 0.70329100
vt 0.03230500 0.68804997
vt 0.04163500 0.68717200
vt 0.04809900 0.69398600
vt 0.03000000 0.70481300
vt 0.03875600 0.70810801
vt 0.02705000 0.69583201
vt 0.02846500 0.70587701
vt 0.02670800 0.70748699
vt 0.02283300 0.69511497
vt 0.02283300 0.69511497
vt 0.02517300 0.69545102
vt 0.02846500 0.70587701
vt 0.03870700 0.70977199
vt 0.03884000 0.71213800
vt 0.02670800 0.70748699
vt 0.02670800 0.70748699
vt 0.02846500 0.70587701
vt 0.03870700 0.70977199
vt 0.04805300 0.70423198
vt 0.05003900 0.70556998
vt 0.03884000 0.71213800
vt 0.04805300 0.70423198
vt 0.04959900 0.69344902
vt 0.05188200 0.69272399
vt 0.05003900 0.70556998
vt 0.04805300 0.70423198
vt 0.04218600 0.68550700
vt 0.04297800 0.68327302
vt 0.05188200 0.69272399
vt 0.05188200 0.69272399
vt 0.04959900 0.69344902
vt 0.04218600 0.68550700
vt 0.03125000 0.68644798
vt 0.03002800 0.68433100
vt 0.04297800 0.68327302
vt 0.04297800 0.68327302
vt 0.04218600 0.68550700
vt 0.03125000 0.68644798
vt 0.02517300 0.69545102
vt 0.02283300 0.69511497
vt 0.03002800 0.68433100
vt 0.03002800 0.68433100
vt 0.03125000 0.68644798
vt 0.02517300 0.69545102
vt 0.71247298 0.26516199
vt 0.71235800 0.27430099
vt 0.68914199 0.27430600
vt 0.68914199 0.27430600
vt 0.68918198 0.26508200
vt 0.71247298 0.26516199
vt 0.73553300 0.26526499
vt 0.73562199 0.27433801
vt 0.71235800 0.27430099
vt 0.71247298 0.26516199
vt 0.75868797 0.26522201
vt 0.75867999 0.27444199
vt 0.73562199 0.27433801
vt 0.73562199 0.27433801
vt 0.73553300 0.26526499
vt 0.75868797 0.26522201
vt 0.78183800 0.26527601
vt 0.78180999 0.27450100
vt 0.75867999 0.27444199
vt 0.75868797 0.26522201
vt 0.80498099 0.26538700
vt 0.80488199 0.27446201
vt 0.78180999 0.27450100
vt 0.78180999 0.27450100
vt 0.78183800 0.26527601
vt 0.80498099 0.26538700
vt 0.66605401 0.26495299
vt 0.66606700 0.27409199
vt 0.64275402 0.27384099
vt 0.64275402 0.27384099
vt 0.64297199 0.26476699
vt 0.66605401 0.26495299
vt 0.68918198 0.26508200
vt 0.68914199 0.27430600
vt 0.66606700 0.27409199
vt 0.66606700 0.27409199
vt 0.66605401 0.26495299
vt 0.68918198 0.26508200
vt 0.15017200 0.52567500
vt 0.15020099 0.51566201
vt 0.19041701 0.51581299
vt 0.19038799 0.52575999
vt 0.26520100 0.50043702
vt 0.30541500 0.50106502
vt 0.30526000 0.51107001
vt 0.26505500 0.51044899
vt 0.32659799 0.55022001
vt 0.32561001 0.52869499
vt 0.35980099 0.52712601
vt 0.36079499 0.54865003
vt 0.26505500 0.51044899
vt 0.23974900 0.51010400
vt 0.23988500 0.50009203
vt 0.26520100 0.50043702
vt 0.14860401 0.75289202
vt 0.12494900 0.75228399
vt 0.12590501 0.71471000
vt 0.14956000 0.71531200
vt 0.23320800 0.52611601
vt 0.19038799 0.52575999
vt 0.19041701 0.51581299
vt 0.19041701 0.51581299
vt 0.22819200 0.51569498
vt 0.23320800 0.52611601
vt 0.33667299 0.51157999
vt 0.30526000 0.51107001
vt 0.30541500 0.50106502
vt 0.30541500 0.50106502
vt 0.34274301 0.50161898
vt 0.33667299 0.51157999
vt 0.39236799 0.55230302
vt 0.39199400 0.54426497
vt 0.14463601 0.78163099
vt 0.15346900 0.78186101
vt 0.15337600 0.50076097
vt 0.14042400 0.50020701
vt 0.14099500 0.48478699
vt 0.15396801 0.48527199
vt 0.16636001 0.50120801
vt 0.16695200 0.48572001
vt 0.17933400 0.50169402
vt 0.17992499 0.48620501
vt 0.19230200 0.50218803
vt 0.19289300 0.48669899
vt 0.20527500 0.50269401
vt 0.20586701 0.48720500
vt 0.12746599 0.49980101
vt 0.11448400 0.49928501
vt 0.11504100 0.48379499
vt 0.12802300 0.48431000
vt 0.83479500 0.45275599
vt 0.78140801 0.42767999
vt 0.82382500 0.40678200
vt 0.84038901 0.42713299
vt 0.78748900 0.45320001
vt 0.81125700 0.46435499
vt 0.79757100 0.40701699
vt 0.71370798 0.35638300
vt 0.74934000 0.31442600
vt 0.75791597 0.35774100
vt 0.73545498 0.36769801
vt 0.72474802 0.31359601
vt 0.70894903 0.33233801
vt 0.76407200 0.33392099
vt 0.76107198 0.36006999
vt 0.76710200 0.33361301
vt 0.77282298 0.33230701
vt 0.77282298 0.33230701
vt 0.76574099 0.36369401
vt 0.76107198 0.36006999
vt 0.73669398 0.37174699
vt 0.76107198 0.36006999
vt 0.76574099 0.36369401
vt 0.76574099 0.36369401
vt 0.73667699 0.37766600
vt 0.73669398 0.37174699
vt 0.71228498 0.35997799
vt 0.73669398 0.37174699
vt 0.73667699 0.37766600
vt 0.73667699 0.37766600
vt 0.70764101 0.36368701
vt 0.71228498 0.35997799
vt 0.70627397 0.33361399
vt 0.71228498 0.35997799
vt 0.70764101 0.36368701
vt 0.70048201 0.33228600
vt 0.72316998 0.31242701
vt 0.70627397 0.33361399
vt 0.70048201 0.33228600
vt 0.70048201 0.33228600
vt 0.72058898 0.30710301
vt 0.72316998 0.31242701
vt 0.75024402 0.31257600
vt 0.72316998 0.31242701
vt 0.72058898 0.30710301
vt 0.72058898 0.30710301
vt 0.75283700 0.30708799
vt 0.75024402 0.31257600
vt 0.76710200 0.33361301
vt 0.75024402 0.31257600
vt 0.75283700 0.30708799
vt 0.75283700 0.30708799
vt 0.77282298 0.33230701
vt 0.76710200 0.33361301
vt 0.89955097 0.26602900
vt 0.92277497 0.26610300
vt 0.92278099 0.27532700
vt 0.89955902 0.27525100
vt 0.87636501 0.26628000
vt 0.89955097 0.26602900
vt 0.89955902 0.27525100
vt 0.87642503 0.27526999
vt 0.85322899 0.26627201
vt 0.87636501 0.26628000
vt 0.87642503 0.27526999
vt 0.85322797 0.27549201
vt 0.83010000 0.26624700
vt 0.85322899 0.26627201
vt 0.85322797 0.27549201
vt 0.83008301 0.27546901
vt 0.80696303 0.26620600
vt 0.83010000 0.26624700
vt 0.83008301 0.27546901
vt 0.80689001 0.27519500
vt 0.94585103 0.26600099
vt 0.96908098 0.26627499
vt 0.96900702 0.27526399
vt 0.94584203 0.27522400
vt 0.92277497 0.26610300
vt 0.94585103 0.26600099
vt 0.94584203 0.27522400
vt 0.92278099 0.27532700
vt 0.14807300 0.50222701
vt 0.18826900 0.50349301
vt 0.18796299 0.51343602
vt 0.14776500 0.51223499
vt 0.14070299 0.78513497
vt 0.15071499 0.78496200
vt 0.15140399 0.82516903
vt 0.14139999 0.82534200
vt 0.27831301 0.96936703
vt 0.26719201 0.93071502
vt 0.29152200 0.92372501
vt 0.30263901 0.96236497
vt 0.28108400 0.97899097
vt 0.27831301 0.96936703
vt 0.30263901 0.96236497
vt 0.30540901 0.97198498
vt 0.14701900 0.70883697
vt 0.10880300 0.70866001
vt 0.10891400 0.68460500
vt 0.14712401 0.68478298
vt 0.23107600 0.50458002
vt 0.22571400 0.51482701
vt 0.18796299 0.51343602
vt 0.18796299 0.51343602
vt 0.18826900 0.50349301
vt 0.23107600 0.50458002
vt 0.15197299 0.85658002
vt 0.14202100 0.86266899
vt 0.14139999 0.82534200
vt 0.14139999 0.82534200
vt 0.15140399 0.82516903
vt 0.15197299 0.85658002
vt 0.25125200 0.89694798
vt 0.26033801 0.89433998
vt 0.17634200 0.70568401
vt 0.17630599 0.71466601
vt 0.26128599 0.56630999
vt 0.23198500 0.56591201
vt 0.23203200 0.56118602
vt 0.26134500 0.56158400
vt 0.29055300 0.56664300
vt 0.29059401 0.56191802
vt 0.31979799 0.56681597
vt 0.31982499 0.56208998
vt 0.05638800 0.56533903
vt 0.02712900 0.56459397
vt 0.02724900 0.55986899
vt 0.05649000 0.56061399
vt 0.08568900 0.56585401
vt 0.08575000 0.56112701
vt 0.11491900 0.56608897
vt 0.11493500 0.56136298
vt 0.14424400 0.56605202
vt 0.14422201 0.56132698
vt 0.17348300 0.56582999
vt 0.17345800 0.56110299
vt 0.20277300 0.56573701
vt 0.20277900 0.56101102
vt 0.36857200 0.60336602
vt 0.28292900 0.63113600
vt 0.31566101 0.58610201
vt 0.34491900 0.58617401
vt 0.36853999 0.65900302
vt 0.37767300 0.63117701
vt 0.31563300 0.67620099
vt 0.34493801 0.67621303
vt 0.29198200 0.65900999
vt 0.29194900 0.60333002
vt 0.25361800 0.62723601
vt 0.24985000 0.61554098
vt 0.27203500 0.59935403
vt 0.28109500 0.62722898
vt 0.23983300 0.60825598
vt 0.24831800 0.58221799
vt 0.22757700 0.60825902
vt 0.21907800 0.58222699
vt 0.21756600 0.61555201
vt 0.19537200 0.59937698
vt 0.21380401 0.62725002
vt 0.18640800 0.62725699
vt 0.21757400 0.63894302
vt 0.19538800 0.65505099
vt 0.22758900 0.64614999
vt 0.21910501 0.67226601
vt 0.23984499 0.64614600
vt 0.24834400 0.67225802
vt 0.24985699 0.63893300
vt 0.27205101 0.65502799
vt 0.08459600 0.55879301
vt 0.02252500 0.55838102
vt 0.02274600 0.52497798
vt 0.08483900 0.52539003
vt 0.10306200 0.55893803
vt 0.10334600 0.52553499
vt 0.13000999 0.55918401
vt 0.13033900 0.52578098
vt 0.15695600 0.55946600
vt 0.15733300 0.52606302
vt 0.17541599 0.55968702
vt 0.17584500 0.52628499
vt 0.23746499 0.56053299
vt 0.23794900 0.52713197
vt 0.32347500 0.56185400
vt 0.32398799 0.52845299
vt 0.22605900 0.89842999
vt 0.15585101 0.82844800
vt 0.24187900 0.82771403
vt 0.24241200 0.88979399
vt 0.17286301 0.89888197
vt 0.19949900 0.90314299
vt 0.15636800 0.89052802
vt 0.19769900 0.74720299
vt 0.15477000 0.82231301
vt 0.15469401 0.76023299
vt 0.17110500 0.75172102
vt 0.24073599 0.76013601
vt 0.22430301 0.75166100
vt 0.24080400 0.82221901
vt 0.22694901 0.61559403
vt 0.23598801 0.61180902
vt 0.23601700 0.61844701
vt 0.23081601 0.61936998
vt 0.24130100 0.61933702
vt 0.24513300 0.61553001
vt 0.24134700 0.62989998
vt 0.24519999 0.63372302
vt 0.23608200 0.63751900
vt 0.23606300 0.63089103
vt 0.22701500 0.63379300
vt 0.23084800 0.62994301
vt 0.24893001 0.62457597
vt 0.24230000 0.62461001
vt 0.23603900 0.62463498
vt 0.22985300 0.62465602
vt 0.22322300 0.62467098
vt 0.14659600 0.60356700
vt 0.15056600 0.59838802
vt 0.15378401 0.60246402
vt 0.15038100 0.60509199
vt 0.15629800 0.59485501
vt 0.15846100 0.59993500
vt 0.14166600 0.60158402
vt 0.14637600 0.59430099
vt 0.15386701 0.58914697
vt 0.16777900 0.59768200
vt 0.16352600 0.59831500
vt 0.16281800 0.59316999
vt 0.16930300 0.59389699
vt 0.16277400 0.58731800
vt 0.17128800 0.58896703
vt 0.17519000 0.61508000
vt 0.17897500 0.61660397
vt 0.17500500 0.62178499
vt 0.17178699 0.61770898
vt 0.16927201 0.62531698
vt 0.16710900 0.62023699
vt 0.18390501 0.61858898
vt 0.17919500 0.62587100
vt 0.17170399 0.63102502
vt 0.16204500 0.62185901
vt 0.16275300 0.62700301
vt 0.15626700 0.62627602
vt 0.15779100 0.62249100
vt 0.16279700 0.63285601
vt 0.15428200 0.63120598
vt 0.17448400 0.59786600
vt 0.17040899 0.60108501
vt 0.17801701 0.60359901
vt 0.17293701 0.60576302
vt 0.17857000 0.59367698
vt 0.18372500 0.60116798
vt 0.17455800 0.61082703
vt 0.17970200 0.61011797
vt 0.18555400 0.61007500
vt 0.16559000 0.60312200
vt 0.16057500 0.60489798
vt 0.16797499 0.60787600
vt 0.16278601 0.61008602
vt 0.15582100 0.60728198
vt 0.15101300 0.60934502
vt 0.15759601 0.61229599
vt 0.15263399 0.61440998
vt 0.15516201 0.61908698
vt 0.15998100 0.61705101
vt 0.16499500 0.61527503
vt 0.16975001 0.61289001
vt 0.14586900 0.61005300
vt 0.14001700 0.61009699
vt 0.14755400 0.61657298
vt 0.14184500 0.61900401
vt 0.15108700 0.62230498
vt 0.14700000 0.62649500
vt 0.11018300 0.60900301
vt 0.11925600 0.60524201
vt 0.11923800 0.61191398
vt 0.11402700 0.61280203
vt 0.12451700 0.61284500
vt 0.12838100 0.60907102
vt 0.12448200 0.62340802
vt 0.12830700 0.62726200
vt 0.11916200 0.63099098
vt 0.11919200 0.62436098
vt 0.11012400 0.62719798
vt 0.11398300 0.62337601
vt 0.13210601 0.61814398
vt 0.12547500 0.61812699
vt 0.11921400 0.61810398
vt 0.11302800 0.61808097
vt 0.10639700 0.61805099
vt 0.35386500 0.56692499
vt 0.35782400 0.56174201
vt 0.36104700 0.56581402
vt 0.35769999 0.56840497
vt 0.36362201 0.55816501
vt 0.36579001 0.56324297
vt 0.34896299 0.56490397
vt 0.35362899 0.55766201
vt 0.36118799 0.55245697
vt 0.37510300 0.56098700
vt 0.37085101 0.56162000
vt 0.37014201 0.55647498
vt 0.37662601 0.55720299
vt 0.37009999 0.55062199
vt 0.37855801 0.55226499
vt 0.38252899 0.57837301
vt 0.38631499 0.57989001
vt 0.38235700 0.58507597
vt 0.37913099 0.58100599
vt 0.37662801 0.58861899
vt 0.37445799 0.58354199
vt 0.39121699 0.58190900
vt 0.38655600 0.58915502
vt 0.37906799 0.59432399
vt 0.36932200 0.58519101
vt 0.37003401 0.59033400
vt 0.36355200 0.58960998
vt 0.36513600 0.58581698
vt 0.37008101 0.59618598
vt 0.36162201 0.59454799
vt 0.38180101 0.56117302
vt 0.37773299 0.56438899
vt 0.38530201 0.56690902
vt 0.38021401 0.56908298
vt 0.38585001 0.55697501
vt 0.39103299 0.56446201
vt 0.38189000 0.57412100
vt 0.38702601 0.57340598
vt 0.39285800 0.57338297
vt 0.37291899 0.56642598
vt 0.36790800 0.56820500
vt 0.37530899 0.57117802
vt 0.37012300 0.57339299
vt 0.36308500 0.57062900
vt 0.35828400 0.57269597
vt 0.36486301 0.57563901
vt 0.35995999 0.57773399
vt 0.36243901 0.58242798
vt 0.36725199 0.58038801
vt 0.37233800 0.57858002
vt 0.37708899 0.57618898
vt 0.35315001 0.57340801
vt 0.34731901 0.57342899
vt 0.35487100 0.57990599
vt 0.34914199 0.58235300
vt 0.35837501 0.58564299
vt 0.35432699 0.58984101
vt 0.77683502 0.34141901
vt 0.78815800 0.35498101
vt 0.78143197 0.37197500
vt 0.77387398 0.35756299
vt 0.78777999 0.32754499
vt 0.77343702 0.32535800
vt 0.78058797 0.31054401
vt 0.80477399 0.33426800
vt 0.78862399 0.38897499
vt 0.76530099 0.37060300
vt 0.83749801 0.35668799
vt 0.82934701 0.37131500
vt 0.82215500 0.35451099
vt 0.83389300 0.34062999
vt 0.82849699 0.30988401
vt 0.83704799 0.32448101
vt 0.82177502 0.32707599
vt 0.82130599 0.29308099
vt 0.84561300 0.31143299
vt 0.84642601 0.36948600
vt 0.82262498 0.38850799
vt 0.76451302 0.31255099
vt 0.78731400 0.29354900
vt 0.77529401 0.40287799
vt 0.80562103 0.39570001
vt 0.80552298 0.40305701
vt 0.83573598 0.40204599
vt 0.70468700 0.29964399
vt 0.71927100 0.30441400
vt 0.70646697 0.31333500
vt 0.70014900 0.30208799
vt 0.71476102 0.29473600
vt 0.73532999 0.30101600
vt 0.75615799 0.28343600
vt 0.75147498 0.30397800
vt 0.73633301 0.28748301
vt 0.68155402 0.38307199
vt 0.70724398 0.37138799
vt 0.72028601 0.37996101
vt 0.69066799 0.39508101
vt 0.73643202 0.38292199
vt 0.69987798 0.39953700
vt 0.71102899 0.40058100
vt 0.75249302 0.37952399
vt 0.76530099 0.37060300
vt 0.75480902 0.40276200
vt 0.71102899 0.40058100
vt 0.75249302 0.37952399
vt 0.69789100 0.32637599
vt 0.68567902 0.32017499
vt 0.69492900 0.34252101
vt 0.68140697 0.34270400
vt 0.68051702 0.36518499
vt 0.69832402 0.35857999
vt 0.80379701 0.27780801
vt 0.80411202 0.28615701
vt 0.77360398 0.27981901
vt 0.83403403 0.27898300
vt 0.87309301 0.28560099
vt 0.85821199 0.30250999
vt 0.85336202 0.28209600
vt 0.89485598 0.29225701
vt 0.87447101 0.29909900
vt 0.90966499 0.29920200
vt 0.90346301 0.31062099
vt 0.89061600 0.30205500
vt 0.90505999 0.29688200
vt 0.92170298 0.39190400
vt 0.89168000 0.37760100
vt 0.90428299 0.36867201
vt 0.93048197 0.37964401
vt 0.91261703 0.39661101
vt 0.87562102 0.38100499
vt 0.85780102 0.40134099
vt 0.85927498 0.37805399
vt 0.90149999 0.39795899
vt 0.92462999 0.31688300
vt 0.91239297 0.32341999
vt 0.92952001 0.33928499
vt 0.91600001 0.33947399
vt 0.91284502 0.35562599
vt 0.93122703 0.36173099
vt 0.80496198 0.34778899
vt 0.02345200 0.83374900
vt 0.12310300 0.83432698
vt 0.12303300 0.84650999
vt 0.02338200 0.84592700
vt 0.02338200 0.84592700
vt 0.12303300 0.84650999
vt 0.12296100 0.85869002
vt 0.02331100 0.85810602
vt 0.02389500 0.75620800
vt 0.12354700 0.75676501
vt 0.12353500 0.75884300
vt 0.02388400 0.75828701
vt 0.02392100 0.75169402
vt 0.12357200 0.75225103
vt 0.12354700 0.75676501
vt 0.02389500 0.75620800
vt 0.02401900 0.73436600
vt 0.12367000 0.73493201
vt 0.12362400 0.74308199
vt 0.02397200 0.74252200
vt 0.02397200 0.74252200
vt 0.12362400 0.74308199
vt 0.12357200 0.75225103
vt 0.02392100 0.75169402
vt 0.02368600 0.79313099
vt 0.12333700 0.79370397
vt 0.12330300 0.79977602
vt 0.02365100 0.79920399
vt 0.02365100 0.79920399
vt 0.12330300 0.79977602
vt 0.12328000 0.80389702
vt 0.02362900 0.80332500
vt 0.02360300 0.80783403
vt 0.12325400 0.80841398
vt 0.12315100 0.82607400
vt 0.02350000 0.82549298
vt 0.02362900 0.80332500
vt 0.12328000 0.80389702
vt 0.12325400 0.80841398
vt 0.02360300 0.80783403
vt 0.02388400 0.75828701
vt 0.12353500 0.75884300
vt 0.12348300 0.76818001
vt 0.02383200 0.76761699
vt 0.02383200 0.76761699
vt 0.12348300 0.76818001
vt 0.12343100 0.77741998
vt 0.02378000 0.77685100
vt 0.02372700 0.78591502
vt 0.12337800 0.78648603
vt 0.12333700 0.79370397
vt 0.02368600 0.79313099
vt 0.02378000 0.77685100
vt 0.12343100 0.77741998
vt 0.12337800 0.78648603
vt 0.02372700 0.78591502
vt 0.02413000 0.71499002
vt 0.12378100 0.71556300
vt 0.12371100 0.72775501
vt 0.02406000 0.72718400
vt 0.02268900 0.96596402
vt 0.12234000 0.96653998
vt 0.12226900 0.97873300
vt 0.02261800 0.97815698
vt 0.02278200 0.95000303
vt 0.12243200 0.95057601
vt 0.12238500 0.95865202
vt 0.02273400 0.95807600
vt 0.02283400 0.94083399
vt 0.12248500 0.94140500
vt 0.12243200 0.95057601
vt 0.02278200 0.95000303
vt 0.02287200 0.93423998
vt 0.12252300 0.93480903
vt 0.12251100 0.93689001
vt 0.02286000 0.93631798
vt 0.02286000 0.93631798
vt 0.12251100 0.93689001
vt 0.12248500 0.94140500
vt 0.02283400 0.94083399
vt 0.02310600 0.89329702
vt 0.12275800 0.89387900
vt 0.12272300 0.89995098
vt 0.02307200 0.89937103
vt 0.02313000 0.88917500
vt 0.12278200 0.88975900
vt 0.12275800 0.89387900
vt 0.02310600 0.89329702
vt 0.02325900 0.86700302
vt 0.12291000 0.86758399
vt 0.12280800 0.88524503
vt 0.02315700 0.88466299
vt 0.02315700 0.88466299
vt 0.12280800 0.88524503
vt 0.12278200 0.88975900
vt 0.02313000 0.88917500
vt 0.02292500 0.92490602
vt 0.12257600 0.92547601
vt 0.12252300 0.93480903
vt 0.02287200 0.93423998
vt 0.02297800 0.91566402
vt 0.12262900 0.91624099
vt 0.12257600 0.92547601
vt 0.02292500 0.92490602
vt 0.02307200 0.89937103
vt 0.12272300 0.89995098
vt 0.12268100 0.90717202
vt 0.02303000 0.90659302
vt 0.02303000 0.90659302
vt 0.12268100 0.90717202
vt 0.12262900 0.91624099
vt 0.02297800 0.91566402
vt 0.02350000 0.82549298
vt 0.12315100 0.82607400
vt 0.02273400 0.95807600
vt 0.12238500 0.95865202
vt 0.12234000 0.96653998
vt 0.02268900 0.96596402
vt 0.12291000 0.86758399
vt 0.02325900 0.86700302
vt 0.02406000 0.72718400
vt 0.12371100 0.72775501
vt 0.22063500 0.68092299
vt 0.22063801 0.69825703
vt 0.20842700 0.69371599
vt 0.20842400 0.68546599
vt 0.20881000 0.66873002
vt 0.20209201 0.68009800
vt 0.19328400 0.66755700
vt 0.19340400 0.68151301
vt 0.18116900 0.67191601
vt 0.18592000 0.68958199
vt 0.19326000 0.71161002
vt 0.18115699 0.70724303
vt 0.19339800 0.69765103
vt 0.20881499 0.71045101
vt 0.20210899 0.69908500
vt 0.43819100 0.48389101
vt 0.43225801 0.51538199
vt 0.41548100 0.49590099
vt 0.42394099 0.48443499
vt 0.44483000 0.50872898
vt 0.44749999 0.49467900
vt 0.41913399 0.50971001
vt 0.86202401 0.31239000
vt 0.89595199 0.35953200
vt 0.84937102 0.35730299
vt 0.84492397 0.33174601
vt 0.90298301 0.33452299
vt 0.88780999 0.31362200
vt 0.87212801 0.36956301
vt 0.84796399 0.36015001
vt 0.87339401 0.37231499
vt 0.87339401 0.37703401
vt 0.84432900 0.36305800
vt 0.84178901 0.33254200
vt 0.83706701 0.33145201
vt 0.85940599 0.31056601
vt 0.85722601 0.30620700
vt 0.88755900 0.31056100
vt 0.88955498 0.30620101
vt 0.90517998 0.33253601
vt 0.90972197 0.33144599
vt 0.89882100 0.36014500
vt 0.90263402 0.36305001
vt 0.27169400 0.51220399
vt 0.28412700 0.51229697
vt 0.28402001 0.52679700
vt 0.27158701 0.52670300
vt 0.25921500 0.51211202
vt 0.27169400 0.51220399
vt 0.27158701 0.52670300
vt 0.25911000 0.52661002
vt 0.24679001 0.51202297
vt 0.25921500 0.51211202
vt 0.25911000 0.52661002
vt 0.24668901 0.52652103
vt 0.23437300 0.51193702
vt 0.24679001 0.51202297
vt 0.24668901 0.52652103
vt 0.23427300 0.52643597
vt 0.30905399 0.51248002
vt 0.32147500 0.51256597
vt 0.32137501 0.52706498
vt 0.30895099 0.52697903
vt 0.29655999 0.51239002
vt 0.30905399 0.51248002
vt 0.30895099 0.52697903
vt 0.29645401 0.52688801
vt 0.28412700 0.51229697
vt 0.29655999 0.51239002
vt 0.29645401 0.52688801
vt 0.28402001 0.52679700
vt 0.39629200 0.57810700
vt 0.39617500 0.56381202
vt 0.41636199 0.56364697
vt 0.41647699 0.57794303
vt 0.39640701 0.59239000
vt 0.41659200 0.59222698
vt 0.39652100 0.60663903
vt 0.41670799 0.60647500
vt 0.39583099 0.52103800
vt 0.39571700 0.50677902
vt 0.41590300 0.50661802
vt 0.41601700 0.52087599
vt 0.39594400 0.53528702
vt 0.41613099 0.53512502
vt 0.39605999 0.54958898
vt 0.41624600 0.54942501
vt 0.47584701 0.49366599
vt 0.45951200 0.52123499
vt 0.45040199 0.49719399
vt 0.46226999 0.48930901
vt 0.47367701 0.51930201
vt 0.48091099 0.50698400
vt 0.44919300 0.51144499
vt 0.03806100 0.60357398
vt 0.04249300 0.62792403
vt 0.02502400 0.61852300
vt 0.02794700 0.60786402
vt 0.04971700 0.61958301
vt 0.04772800 0.60877800
vt 0.03151000 0.62740302
vt 0.02323500 0.61809099
vt 0.03017400 0.62840700
vt 0.02911700 0.63020098
vt 0.02113500 0.61834198
vt 0.02699900 0.60617602
vt 0.02551700 0.60474598
vt 0.03861400 0.60176897
vt 0.03883200 0.59966701
vt 0.04931200 0.60807198
vt 0.05111600 0.60690302
vt 0.05108900 0.62036699
vt 0.05312700 0.62101102
vt 0.04256100 0.62947500
vt 0.04329000 0.63139200
vt 0.41764501 0.58086997
vt 0.41793001 0.56844002
vt 0.43242601 0.56877202
vt 0.43213999 0.58120197
vt 0.41735801 0.59336197
vt 0.41764501 0.58086997
vt 0.43213999 0.58120197
vt 0.43185300 0.59369397
vt 0.41707399 0.60578197
vt 0.41735801 0.59336197
vt 0.43185300 0.59369397
vt 0.43156999 0.60611302
vt 0.41878599 0.53111398
vt 0.41906801 0.51870102
vt 0.43356401 0.51903099
vt 0.43328100 0.53144401
vt 0.41850200 0.54353398
vt 0.41878599 0.53111398
vt 0.43328100 0.53144401
vt 0.43299699 0.54386503
vt 0.41821501 0.55600798
vt 0.41850200 0.54353398
vt 0.43299699 0.54386503
vt 0.43270999 0.55633998
vt 0.41793001 0.56844002
vt 0.41821501 0.55600798
vt 0.43270999 0.55633998
vt 0.43242601 0.56877202
vt 0.45875600 0.63452703
vt 0.46003601 0.52442998
vt 0.46812600 0.52452302
vt 0.46683601 0.63470501
vt 0.43823901 0.71844298
vt 0.44062600 0.60833800
vt 0.44871700 0.60847998
vt 0.44632801 0.71861702
vt 0.38098699 0.60805798
vt 0.43193299 0.60767400
vt 0.43276200 0.71781802
vt 0.38181701 0.71820199
vt 0.46380901 0.69856298
vt 0.45572701 0.69815499
vt 0.45803401 0.65343499
vt 0.46611601 0.65381801
vt 0.29646501 0.81666702
vt 0.29599100 0.77006799
vt 0.39673501 0.76904202
vt 0.39721000 0.81563997
vt 0.44892499 0.58947098
vt 0.44083500 0.58941901
vt 0.44102001 0.54464900
vt 0.44911000 0.54469103
vt 0.45851001 0.64210701
vt 0.46660101 0.64238101
vt 0.46640399 0.64739603
vt 0.45831901 0.64706397
vt 0.44108400 0.53329700
vt 0.44917500 0.53334600
vt 0.44914600 0.53831202
vt 0.44105601 0.53826600
vt 0.46322700 0.70994103
vt 0.45514700 0.70952803
vt 0.45540100 0.70456702
vt 0.46348101 0.70497900
vt 0.44881999 0.60086000
vt 0.44073200 0.60075700
vt 0.44078401 0.59581500
vt 0.44887400 0.59589100
vt 0.34105599 0.71797401
vt 0.33147100 0.76608598
vt 0.33041900 0.71514899
vt 0.33538699 0.71504599
vt 0.33643699 0.76598299
vt 0.34197900 0.76274401
vt 0.24859600 0.72357500
vt 0.25794101 0.67549598
vt 0.25924700 0.72642702
vt 0.25428101 0.72655302
vt 0.25297600 0.67562300
vt 0.24744800 0.67881000
vt 0.41339701 0.77165800
vt 0.40416899 0.81557000
vt 0.40369701 0.76897198
vt 0.40823999 0.76892501
vt 0.40871099 0.81552398
vt 0.41381100 0.81261402
vt 0.27980101 0.81397802
vt 0.28903100 0.77013898
vt 0.28950301 0.81673801
vt 0.28495899 0.81678301
vt 0.28448901 0.77018601
vt 0.27938899 0.77302098
vt 0.44113201 0.52568603
vt 0.44922200 0.52573597
vt 0.45475700 0.71712798
vt 0.46283701 0.71754199
vt 0.45202100 0.64186400
vt 0.45236599 0.63427901
vt 0.45530599 0.60093302
vt 0.45513201 0.60854900
vt 0.45563000 0.52577400
vt 0.45566401 0.53338403
vt 0.44835600 0.71679997
vt 0.44866699 0.70919597
vt 0.35143799 0.71461600
vt 0.35328001 0.76553100
vt 0.34687299 0.76576197
vt 0.34503499 0.71484703
vt 0.24013700 0.75451702
vt 0.23943500 0.70357400
vt 0.24584100 0.70348501
vt 0.24654700 0.75442898
vt 0.48163700 0.62717301
vt 0.47403499 0.62681401
vt 0.46924800 0.59646499
vt 0.47684500 0.59691000
vt 0.30865800 0.95228797
vt 0.31583101 0.94975102
vt 0.33240899 0.97582799
vt 0.32520601 0.97828299
vt 0.30165401 0.75893098
vt 0.30091801 0.72345102
vt 0.33041900 0.71514899
vt 0.33147100 0.76608598
vt 0.28795499 0.68241900
vt 0.28886101 0.71789497
vt 0.25924700 0.72642702
vt 0.25794101 0.67549598
vt 0.26945999 0.82126403
vt 0.26232001 0.82389700
vt 0.25843900 0.79334801
vt 0.26554900 0.79063302
vt 0.46866000 0.76332802
vt 0.47626600 0.76356697
vt 0.46911401 0.79338199
vt 0.46150601 0.79322898
vt 0.38143599 0.72122300
vt 0.38272500 0.75668699
vt 0.35328001 0.76553100
vt 0.35143799 0.71461600
vt 0.21012700 0.74715698
vt 0.20964400 0.71167302
vt 0.23943500 0.70357400
vt 0.24013700 0.75451702
vt 0.48359200 0.65793300
vt 0.47598901 0.65759498
vt 0.47403499 0.62681401
vt 0.48163700 0.62717301
vt 0.29568800 0.92437899
vt 0.30285701 0.92182499
vt 0.31583101 0.94975102
vt 0.30865800 0.95228797
vt 0.27090001 0.75676501
vt 0.27027401 0.72689098
vt 0.30091801 0.72345102
vt 0.30165401 0.75893098
vt 0.31867501 0.68444300
vt 0.31943500 0.71431297
vt 0.28886101 0.71789497
vt 0.28795499 0.68241900
vt 0.27732599 0.85103798
vt 0.27017900 0.85364997
vt 0.26232001 0.82389700
vt 0.26945999 0.82126403
vt 0.47302699 0.73279500
vt 0.48063299 0.73305500
vt 0.47626600 0.76356697
vt 0.46866000 0.76332802
vt 0.41222101 0.72290701
vt 0.41330999 0.75276703
vt 0.38272500 0.75668699
vt 0.38143599 0.72122300
vt 0.17943200 0.74476898
vt 0.17903100 0.71489203
vt 0.20964400 0.71167302
vt 0.21012700 0.74715698
vt 0.48261899 0.68057001
vt 0.47501600 0.68025702
vt 0.47598901 0.65759498
vt 0.48359200 0.65793300
vt 0.28806299 0.90304101
vt 0.29522499 0.90046698
vt 0.30285701 0.92182499
vt 0.29568800 0.92437899
vt 0.24823800 0.75724399
vt 0.24760599 0.72737098
vt 0.27027401 0.72689098
vt 0.27090001 0.75676501
vt 0.34133899 0.68386698
vt 0.34209701 0.71373701
vt 0.31943500 0.71431297
vt 0.31867501 0.68444300
vt 0.28507301 0.87235498
vt 0.27791700 0.87494802
vt 0.27017900 0.85364997
vt 0.27732599 0.85103798
vt 0.47383901 0.71012598
vt 0.48144400 0.71041298
vt 0.48063299 0.73305500
vt 0.47302699 0.73279500
vt 0.43487701 0.72207999
vt 0.43596601 0.75194103
vt 0.41330999 0.75276703
vt 0.41222101 0.72290701
vt 0.15676300 0.74507302
vt 0.15636300 0.71519500
vt 0.17903100 0.71489203
vt 0.17943200 0.74476898
vt 0.47501600 0.68025702
vt 0.48261899 0.68057001
vt 0.48144400 0.71041298
vt 0.47383901 0.71012598
vt 0.29522499 0.90046698
vt 0.28806299 0.90304101
vt 0.27791700 0.87494802
vt 0.28507301 0.87235498
vt 0.44102001 0.54464900
vt 0.44105601 0.53826600
vt 0.44914600 0.53831202
vt 0.44911000 0.54469103
vt 0.45803401 0.65343499
vt 0.45831901 0.64706397
vt 0.46640399 0.64739603
vt 0.46611601 0.65381801
vt 0.46380901 0.69856298
vt 0.46348101 0.70497900
vt 0.45540100 0.70456702
vt 0.45572701 0.69815499
vt 0.44892499 0.58947098
vt 0.44887400 0.59589100
vt 0.44078401 0.59581500
vt 0.44083500 0.58941901
vt 0.45175400 0.64678901
vt 0.45147300 0.65312499
vt 0.45175400 0.64678901
vt 0.44916600 0.69782400
vt 0.45147300 0.65312499
vt 0.44884101 0.70423299
vt 0.44916600 0.69782400
vt 0.44884101 0.70423299
vt 0.45544100 0.59595102
vt 0.45549399 0.58951300
vt 0.45544100 0.59595102
vt 0.45567900 0.54472601
vt 0.45549399 0.58951300
vt 0.45571399 0.53834897
vt 0.45567900 0.54472601
vt 0.45571399 0.53834897
f 1/1 2/2 3/3
f 3/3 4/4 1/1
f 5/5 1/1 4/4
f 4/4 6/6 5/5
f 7/7 8/8 9/9
f 9/9 10/10 7/7
f 11/11 7/7 10/10
f 10/10 12/12 11/11
f 13/13 11/11 12/12
f 12/12 14/14 13/13
f 15/15 13/13 14/14
f 14/14 16/16 15/15
f 2/2 15/15 16/16
f 16/16 3/3 2/2
f 17/17 18/18 19/19
f 19/19 20/20 17/17
f 21/21 22/22 23/23
f 23/23 24/24 21/21
f 25/25 26/26 27/27
f 27/27 28/28 25/25
f 29/29 30/30 31/31
f 31/31 32/32 29/29
f 33/33 34/34 35/35
f 36/36 37/37 38/38
f 39/39 40/40 41/41
f 41/41 42/42 39/39
f 43/43 44/44 45/45
f 45/45 46/46 43/43
f 47/47 48/48 49/49
f 50/50 51/51 52/52
f 53/53 54/54 55/55
f 55/55 56/56 53/53
f 57/57 58/58 59/59
f 60/60 61/61 62/62
f 63/63 64/64 65/65
f 66/66 67/67 68/68
f 69/69 70/70 71/71
f 72/72 73/73 74/74
f 75/75 76/76 77/77
f 78/78 79/79 80/80
f 81/81 82/82 83/83
f 84/84 85/85 86/86
f 87/87 88/88 89/89
f 90/90 91/91 92/92
f 93/93 94/94 95/95
f 96/96 97/97 98/98
f 99/99 100/100 101/101
f 102/102 103/103 104/104
f 105/105 106/106 107/107
f 108/108 109/109 110/110
f 111/111 112/112 113/113
f 114/114 115/115 116/116
f 117/117 118/118 119/119
f 120/120 121/121 122/122
f 123/123 124/124 125/125
f 126/126 127/127 128/128
f 129/129 130/130 131/131
f 132/132 133/133 134/134
f 135/135 136/136 137/137
f 138/138 139/139 140/140
f 141/141 142/142 143/143
f 144/144 145/145 146/146
f 147/147 148/148 149/149
f 149/149 150/150 147/147
f 151/151 152/152 153/153
f 154/154 155/155 156/156
f 157/157 158/158 159/159
f 160/160 161/161 162/162
f 163/163 164/164 165/165
f 166/166 167/167 168/168
f 169/169 170/170 171/171
f 171/171 172/172 169/169
f 173/173 174/174 175/175
f 175/175 176/176 173/173
f 177/177 178/178 179/179
f 179/179 180/180 177/177
f 181/181 182/182 183/183
f 183/183 184/184 181/181
f 185/185 186/186 187/187
f 187/187 188/188 185/185
f 189/189 190/190 191/191
f 191/191 192/192 189/189
f 193/193 194/194 195/195
f 195/195 196/196 193/193
f 197/197 198/198 199/199
f 199/199 200/200 197/197
f 197/197 201/201 198/198
f 202/202 203/203 199/199
f 199/199 198/198 202/202
f 204/204 205/205 206/206
f 206/206 207/207 204/204
f 208/208 209/209 205/205
f 205/205 204/204 208/208
f 210/210 211/211 209/209
f 209/209 208/208 210/210
f 212/212 213/213 211/211
f 211/211 210/210 212/212
f 214/214 215/215 213/213
f 213/213 212/212 214/214
f 216/216 217/217 218/218
f 218/218 219/219 216/216
f 207/207 206/206 217/217
f 217/217 216/216 207/207
f 220/220 221/221 222/222
f 222/222 223/223 220/220
f 224/224 221/221 220/220
f 220/220 225/225 224/224
f 226/226 221/221 224/224
f 227/227 228/228 229/229
f 229/229 230/230 227/227
f 231/231 228/228 227/227
f 227/227 232/232 231/231
f 233/233 228/228 231/231
f 234/234 235/235 236/236
f 237/237 238/238 239/239
f 240/240 241/241 242/242
f 243/243 244/244 245/245
f 246/246 247/247 248/248
f 241/241 240/240 249/249
f 250/250 251/251 252/252
f 252/252 253/253 250/250
f 254/254 255/255 256/256
f 257/257 258/258 259/259
f 260/260 261/261 262/262
f 263/263 264/264 265/265
f 266/266 267/267 268/268
f 269/269 270/270 271/271
f 272/272 273/273 274/274
f 275/275 276/276 277/277
f 278/278 279/279 280/280
f 280/280 281/281 278/278
f 282/282 283/283 284/284
f 285/285 286/286 287/287
f 288/288 289/289 290/290
f 290/290 291/291 288/288
f 292/292 293/293 294/294
f 295/295 296/296 297/297
f 298/298 299/299 300/300
f 301/301 302/302 303/303
f 304/304 305/305 306/306
f 307/307 308/308 309/309
f 310/310 311/311 312/312
f 312/312 313/313 310/310
f 314/314 315/315 316/316
f 316/316 317/317 314/314
f 318/318 319/319 320/320
f 320/320 321/321 318/318
f 322/322 323/323 324/324
f 324/324 325/325 322/322
f 326/326 327/327 328/328
f 328/328 329/329 326/326
f 330/330 331/331 332/332
f 333/333 334/334 335/335
f 336/336 337/337 338/338
f 339/339 340/340 341/341
f 342/342 321/321 320/320
f 320/320 343/343 342/342
f 344/344 327/327 326/326
f 326/326 345/345 344/344
f 346/346 347/347 348/348
f 348/348 349/349 346/346
f 350/350 346/346 349/349
f 349/349 351/351 350/350
f 352/352 350/350 351/351
f 351/351 353/353 352/352
f 354/354 352/352 353/353
f 353/353 355/355 354/354
f 356/356 354/354 355/355
f 355/355 357/357 356/356
f 358/358 359/359 360/360
f 360/360 361/361 358/358
f 347/347 358/358 361/361
f 361/361 348/348 347/347
f 362/362 363/363 364/364
f 364/364 365/365 362/362
f 366/366 363/363 362/362
f 362/362 367/367 366/366
f 368/368 364/364 363/363
f 369/369 370/370 371/371
f 371/371 372/372 369/369
f 373/373 370/370 369/369
f 369/369 374/374 373/373
f 375/375 371/371 370/370
f 376/376 377/377 378/378
f 379/379 380/380 381/381
f 382/382 383/383 384/384
f 385/385 386/386 387/387
f 388/388 389/389 390/390
f 391/391 392/392 393/393
f 394/394 395/395 396/396
f 396/396 397/397 394/394
f 398/398 399/399 400/400
f 401/401 402/402 403/403
f 404/404 405/405 406/406
f 407/407 408/408 409/409
f 410/410 411/411 412/412
f 413/413 414/414 415/415
f 416/416 417/417 418/418
f 418/418 419/419 416/416
f 420/420 421/421 422/422
f 422/422 423/423 420/420
f 424/424 425/425 426/426
f 426/426 427/427 424/424
f 428/428 429/429 430/430
f 430/430 431/431 428/428
f 432/432 433/433 434/434
f 434/434 435/435 432/432
f 436/436 437/437 438/438
f 438/438 439/439 436/436
f 440/440 441/441 442/442
f 442/442 443/443 440/440
f 444/444 445/445 446/446
f 446/446 447/447 444/444
f 448/448 449/449 450/450
f 450/450 451/451 448/448
f 452/452 453/453 454/454
f 454/454 455/455 452/452
f 456/456 457/457 458/458
f 458/458 459/459 456/456
f 460/460 461/461 462/462
f 462/462 463/463 460/460
f 464/464 465/465 466/466
f 467/467 468/468 469/469
f 470/470 471/471 472/472
f 473/473 474/474 475/475
f 476/476 477/477 454/454
f 454/454 453/453 476/476
f 478/478 479/479 460/460
f 460/460 463/463 478/478
f 480/480 481/481 482/482
f 482/482 483/483 480/480
f 484/484 480/480 483/483
f 483/483 485/485 484/484
f 486/486 484/484 485/485
f 485/485 487/487 486/486
f 488/488 489/489 490/490
f 490/490 491/491 488/488
f 492/492 488/488 491/491
f 491/491 493/493 492/492
f 494/494 492/492 493/493
f 493/493 495/495 494/494
f 496/496 494/494 495/495
f 495/495 497/497 496/496
f 498/498 496/496 497/497
f 497/497 499/499 498/498
f 500/500 498/498 499/499
f 499/499 501/501 500/500
f 481/481 500/500 501/501
f 501/501 482/482 481/481
f 502/502 503/503 504/504
f 504/504 505/505 502/502
f 506/506 503/503 502/502
f 502/502 507/507 506/506
f 508/508 503/503 506/506
f 506/506 509/509 508/508
f 508/508 510/510 503/503
f 511/511 504/504 503/503
f 512/512 513/513 514/514
f 514/514 515/515 512/512
f 513/513 516/516 517/517
f 517/517 514/514 513/513
f 516/516 518/518 519/519
f 519/519 517/517 516/516
f 518/518 520/520 521/521
f 521/521 519/519 518/518
f 520/520 522/522 523/523
f 523/523 521/521 520/520
f 522/522 524/524 525/525
f 525/525 523/523 522/522
f 524/524 526/526 527/527
f 527/527 525/525 524/524
f 526/526 528/528 529/529
f 529/529 527/527 526/526
f 528/528 530/530 531/531
f 531/531 529/529 528/528
f 530/530 512/512 515/515
f 515/515 531/531 530/530
f 532/532 533/533 534/534
f 534/534 535/535 532/532
f 536/536 532/532 535/535
f 535/535 537/537 536/536
f 538/538 536/536 537/537
f 537/537 539/539 538/538
f 540/540 538/538 539/539
f 539/539 541/541 540/540
f 542/542 540/540 541/541
f 541/541 543/543 542/542
f 544/544 542/542 543/543
f 543/543 545/545 544/544
f 546/546 544/544 545/545
f 545/545 547/547 546/546
f 548/548 549/549 550/550
f 550/550 551/551 548/548
f 552/552 549/549 548/548
f 548/548 553/553 552/552
f 552/552 554/554 549/549
f 555/555 556/556 557/557
f 557/557 558/558 555/555
f 559/559 556/556 555/555
f 555/555 560/560 559/559
f 556/556 559/559 561/561
f 562/562 563/563 564/564
f 564/564 565/565 562/562
f 566/566 564/564 563/563
f 563/563 567/567 566/566
f 568/568 569/569 570/570
f 570/570 571/571 568/568
f 571/571 570/570 572/572
f 572/572 573/573 571/571
f 567/567 574/574 575/575
f 575/575 566/566 567/567
f 568/568 575/575 574/574
f 574/574 569/569 568/568
f 566/566 575/575 576/576
f 576/576 564/564 566/566
f 564/564 576/576 577/577
f 577/577 565/565 564/564
f 573/573 577/577 576/576
f 576/576 571/571 573/573
f 571/571 576/576 575/575
f 575/575 568/568 571/571
f 565/565 577/577 578/578
f 578/578 562/562 565/565
f 572/572 578/578 577/577
f 577/577 573/573 572/572
f 579/579 580/580 581/581
f 581/581 582/582 579/579
f 580/580 583/583 584/584
f 584/584 581/581 580/580
f 585/585 586/586 580/580
f 580/580 579/579 585/585
f 586/586 587/587 583/583
f 583/583 580/580 586/586
f 588/588 589/589 590/590
f 590/590 591/591 588/588
f 591/591 590/590 592/592
f 592/592 593/593 591/591
f 589/589 584/584 583/583
f 583/583 590/590 589/589
f 590/590 583/583 587/587
f 587/587 592/592 590/590
f 594/594 595/595 596/596
f 596/596 597/597 594/594
f 597/597 596/596 598/598
f 598/598 599/599 597/597
f 595/595 600/600 601/601
f 601/601 596/596 595/595
f 596/596 601/601 602/602
f 602/602 598/598 596/596
f 603/603 604/604 605/605
f 605/605 606/606 603/603
f 604/604 607/607 608/608
f 608/608 605/605 604/604
f 599/599 598/598 604/604
f 604/604 603/603 599/599
f 598/598 602/602 607/607
f 607/607 604/604 598/598
f 591/591 609/609 610/610
f 610/610 588/588 591/591
f 609/609 611/611 612/612
f 612/612 610/610 609/609
f 593/593 613/613 609/609
f 609/609 591/591 593/593
f 613/613 614/614 611/611
f 611/611 609/609 613/613
f 594/594 615/615 616/616
f 616/616 595/595 594/594
f 595/595 616/616 617/617
f 617/617 600/600 595/595
f 615/615 612/612 611/611
f 611/611 616/616 615/615
f 616/616 611/611 614/614
f 614/614 617/617 616/616
f 588/588 610/610 618/618
f 618/618 589/589 588/588
f 589/589 618/618 619/619
f 619/619 584/584 589/589
f 610/610 612/612 620/620
f 620/620 618/618 610/610
f 618/618 620/620 621/621
f 621/621 619/619 618/618
f 581/581 622/622 623/623
f 623/623 582/582 581/581
f 622/622 624/624 625/625
f 625/625 623/623 622/622
f 584/584 619/619 622/622
f 622/622 581/581 584/584
f 619/619 621/621 624/624
f 624/624 622/622 619/619
f 606/606 626/626 627/627
f 627/627 603/603 606/606
f 603/603 627/627 628/628
f 628/628 599/599 603/603
f 626/626 625/625 624/624
f 624/624 627/627 626/626
f 627/627 624/624 621/621
f 621/621 628/628 627/627
f 597/597 629/629 615/615
f 615/615 594/594 597/597
f 629/629 620/620 612/612
f 612/612 615/615 629/629
f 599/599 628/628 629/629
f 629/629 597/597 599/599
f 628/628 621/621 620/620
f 620/620 629/629 628/628
f 582/582 623/623 630/630
f 630/630 579/579 582/582
f 579/579 630/630 631/631
f 631/631 585/585 579/579
f 623/623 625/625 632/632
f 632/632 630/630 623/623
f 630/630 632/632 633/633
f 633/633 631/631 630/630
f 605/605 634/634 626/626
f 626/626 606/606 605/605
f 634/634 632/632 625/625
f 625/625 626/626 634/634
f 608/608 635/635 634/634
f 634/634 605/605 608/608
f 635/635 633/633 632/632
f 632/632 634/634 635/635
f 636/636 637/637 638/638
f 638/638 639/639 636/636
f 640/640 638/638 637/637
f 637/637 641/641 640/640
f 642/642 643/643 644/644
f 644/644 645/645 642/642
f 645/645 644/644 646/646
f 646/646 647/647 645/645
f 641/641 648/648 649/649
f 649/649 640/640 641/641
f 642/642 649/649 648/648
f 648/648 643/643 642/642
f 640/640 649/649 650/650
f 650/650 638/638 640/640
f 638/638 650/650 651/651
f 651/651 639/639 638/638
f 647/647 651/651 650/650
f 650/650 645/645 647/647
f 645/645 650/650 649/649
f 649/649 642/642 645/645
f 639/639 651/651 652/652
f 652/652 636/636 639/639
f 646/646 652/652 651/651
f 651/651 647/647 646/646
f 653/653 654/654 655/655
f 655/655 656/656 653/653
f 654/654 657/657 658/658
f 658/658 655/655 654/654
f 659/659 660/660 654/654
f 654/654 653/653 659/659
f 660/660 661/661 657/657
f 657/657 654/654 660/660
f 662/662 663/663 664/664
f 664/664 665/665 662/662
f 665/665 664/664 666/666
f 666/666 667/667 665/665
f 663/663 658/658 657/657
f 657/657 664/664 663/663
f 664/664 657/657 661/661
f 661/661 666/666 664/664
f 668/668 669/669 670/670
f 670/670 671/671 668/668
f 671/671 670/670 672/672
f 672/672 673/673 671/671
f 669/669 674/674 675/675
f 675/675 670/670 669/669
f 670/670 675/675 676/676
f 676/676 672/672 670/670
f 677/677 678/678 679/679
f 679/679 680/680 677/677
f 678/678 681/681 682/682
f 682/682 679/679 678/678
f 673/673 672/672 678/678
f 678/678 677/677 673/673
f 672/672 676/676 681/681
f 681/681 678/678 672/672
f 665/665 683/683 684/684
f 684/684 662/662 665/665
f 683/683 685/685 686/686
f 686/686 684/684 683/683
f 667/667 687/687 683/683
f 683/683 665/665 667/667
f 687/687 688/688 685/685
f 685/685 683/683 687/687
f 668/668 689/689 690/690
f 690/690 669/669 668/668
f 669/669 690/690 691/691
f 691/691 674/674 669/669
f 689/689 686/686 685/685
f 685/685 690/690 689/689
f 690/690 685/685 688/688
f 688/688 691/691 690/690
f 662/662 684/684 692/692
f 692/692 663/663 662/662
f 663/663 692/692 693/693
f 693/693 658/658 663/663
f 684/684 686/686 694/694
f 694/694 692/692 684/684
f 692/692 694/694 695/695
f 695/695 693/693 692/692
f 655/655 696/696 697/697
f 697/697 656/656 655/655
f 696/696 698/698 699/699
f 699/699 697/697 696/696
f 658/658 693/693 696/696
f 696/696 655/655 658/658
f 693/693 695/695 698/698
f 698/698 696/696 693/693
f 680/680 700/700 701/701
f 701/701 677/677 680/680
f 677/677 701/701 702/702
f 702/702 673/673 677/677
f 700/700 699/699 698/698
f 698/698 701/701 700/700
f 701/701 698/698 695/695
f 695/695 702/702 701/701
f 671/671 703/703 689/689
f 689/689 668/668 671/671
f 703/703 694/694 686/686
f 686/686 689/689 703/703
f 673/673 702/702 703/703
f 703/703 671/671 673/673
f 702/702 695/695 694/694
f 694/694 703/703 702/702
f 656/656 697/697 704/704
f 704/704 653/653 656/656
f 653/653 704/704 705/705
f 705/705 659/659 653/653
f 697/697 699/699 706/706
f 706/706 704/704 697/697
f 704/704 706/706 707/707
f 707/707 705/705 704/704
f 679/679 708/708 700/700
f 700/700 680/680 679/679
f 708/708 706/706 699/699
f 699/699 700/700 708/708
f 682/682 709/709 708/708
f 708/708 679/679 682/682
f 709/709 707/707 706/706
f 706/706 708/708 709/709
f 710/710 711/711 712/712
f 712/712 713/713 710/710
f 714/714 710/710 715/715
f 715/715 716/716 714/714
f 717/717 711/711 710/710
f 710/710 714/714 717/717
f 718/718 719/719 713/713
f 713/713 712/712 718/718
f 720/720 721/721 722/722
f 722/722 723/723 720/720
f 724/724 725/725 723/723
f 723/723 726/726 724/724
f 727/727 728/728 725/725
f 725/725 724/724 727/727
f 722/722 717/717 726/726
f 726/726 723/723 722/722
f 720/720 729/729 730/730
f 730/730 721/721 720/720
f 715/715 731/731 732/732
f 732/732 716/716 715/715
f 733/733 718/718 734/734
f 734/734 735/735 733/733
f 735/735 734/734 730/730
f 730/730 736/736 735/735
f 737/737 738/738 739/739
f 739/739 740/740 737/737
f 741/741 742/742 738/738
f 738/738 737/737 741/741
f 743/743 731/731 744/744
f 744/744 745/745 743/743
f 745/745 744/744 742/742
f 742/742 741/741 745/745
f 746/746 747/747 748/748
f 748/748 749/749 746/746
f 749/749 748/748 750/750
f 750/750 751/751 749/749
f 752/752 753/753 754/754
f 719/719 755/755 756/756
f 751/751 750/750 757/757
f 757/757 756/756 751/751
f 740/740 739/739 758/758
f 758/758 759/759 740/740
f 759/759 758/758 760/760
f 760/760 761/761 759/759
f 762/762 763/763 747/747
f 747/747 746/746 762/762
f 761/761 760/760 763/763
f 763/763 762/762 761/761
f 764/764 765/765 732/732
f 732/732 766/766 764/764
f 767/767 727/727 765/765
f 765/765 764/764 767/767
f 768/768 769/769 728/728
f 728/728 770/770 768/768
f 771/771 772/772 769/769
f 769/769 768/768 771/771
f 773/773 774/774 775/775
f 775/775 776/776 773/773
f 776/776 775/775 772/772
f 772/772 771/771 776/776
f 777/777 778/778 779/779
f 779/779 780/780 777/777
f 781/781 782/782 778/778
f 778/778 777/777 781/781
f 783/783 729/729 784/784
f 784/784 785/785 783/783
f 785/785 784/784 782/782
f 782/782 781/781 785/785
f 786/786 787/787 774/774
f 774/774 773/773 786/786
f 788/788 789/789 787/787
f 787/787 786/786 788/788
f 780/780 779/779 790/790
f 790/790 791/791 780/780
f 791/791 790/790 789/789
f 789/789 788/788 791/791
f 755/755 719/719 718/718
f 718/718 733/733 755/755
f 770/770 728/728 727/727
f 727/727 767/767 770/770
f 736/736 730/730 729/729
f 729/729 783/783 736/736
f 766/766 732/732 731/731
f 731/731 743/743 766/766
f 717/717 792/792 711/711
f 717/717 722/722 792/792
f 793/793 794/794 795/795
f 795/795 796/796 793/793
f 797/797 798/798 799/799
f 799/799 800/800 797/797
f 801/801 802/802 803/803
f 803/803 804/804 801/801
f 805/805 806/806 807/807
f 807/807 808/808 805/805
f 809/809 810/810 811/811
f 811/811 812/812 809/809
f 813/813 814/814 815/815
f 815/815 816/816 813/813
f 817/817 818/818 819/819
f 819/819 820/820 817/817
f 821/821 822/822 823/823
f 823/823 824/824 821/821
f 825/825 826/826 827/827
f 827/827 828/828 825/825
f 829/829 830/830 831/831
f 831/831 832/832 829/829
f 833/833 834/834 835/835
f 835/835 836/836 833/833
f 837/837 838/838 839/839
f 839/839 840/840 837/837
f 841/841 842/842 843/843
f 843/843 844/844 841/841
f 845/845 846/846 847/847
f 847/847 848/848 845/845
f 849/849 850/850 851/851
f 851/851 852/852 849/849
f 853/853 854/854 855/855
f 855/855 856/856 853/853
f 857/857 858/858 859/859
f 859/859 860/860 857/857
f 861/861 862/862 863/863
f 863/863 864/864 861/861
f 865/865 866/866 867/867
f 867/867 868/868 865/865
f 869/869 870/870 871/871
f 871/871 872/872 869/869
f 873/873 874/874 875/875
f 875/875 876/876 873/873
f 877/877 878/878 879/879
f 879/879 880/880 877/877
f 881/881 882/882 883/883
f 883/883 884/884 881/881
f 885/885 886/886 887/887
f 887/887 888/888 885/885
f 889/889 890/890 891/891
f 891/891 892/892 889/889
f 893/893 894/894 895/895
f 895/895 896/896 893/893
f 897/897 898/898 899/899
f 899/899 900/900 897/897
f 901/901 902/902 903/903
f 903/903 904/904 901/901
f 905/905 906/906 794/794
f 794/794 793/793 905/905
f 907/907 908/908 909/909
f 909/909 910/910 907/907
f 800/800 799/799 911/911
f 911/911 912/912 800/800
f 913/913 914/914 810/810
f 810/810 809/809 913/913
f 915/915 916/916 917/917
f 917/917 918/918 915/915
f 919/919 915/915 918/918
f 918/918 920/920 919/919
f 921/921 919/919 920/920
f 920/920 922/922 921/921
f 923/923 921/921 922/922
f 922/922 924/924 923/923
f 925/925 926/926 924/924
f 924/924 927/927 925/925
f 928/928 925/925 927/927
f 927/927 929/929 928/928
f 916/916 928/928 929/929
f 929/929 917/917 916/916
f 930/930 931/931 932/932
f 932/932 933/933 930/930
f 934/934 931/931 930/930
f 930/930 935/935 934/934
f 936/936 932/932 931/931
f 937/937 938/938 939/939
f 939/939 940/940 937/937
f 941/941 938/938 937/937
f 937/937 942/942 941/941
f 943/943 939/939 938/938
f 944/944 945/945 946/946
f 946/946 947/947 944/944
f 948/948 944/944 947/947
f 947/947 949/949 948/948
f 950/950 948/948 949/949
f 949/949 951/951 950/950
f 952/952 950/950 951/951
f 951/951 953/953 952/952
f 954/954 952/952 953/953
f 953/953 955/955 954/954
f 956/956 954/954 955/955
f 955/955 957/957 956/956
f 945/945 956/956 957/957
f 957/957 946/946 945/945
f 958/958 959/959 960/960
f 960/960 961/961 958/958
f 962/962 963/963 964/964
f 964/964 965/965 962/962
f 966/966 967/967 968/968
f 968/968 969/969 966/966
f 970/970 971/971 972/972
f 972/972 973/973 970/970
f 974/974 975/975 976/976
f 976/976 977/977 974/974
f 978/978 979/979 980/980
f 980/980 981/981 978/978
f 982/982 983/983 984/984
f 984/984 985/985 982/982
f 986/986 987/987 988/988
f 988/988 989/989 986/986
f 990/990 986/986 989/989
f 989/989 991/991 990/990
f 992/992 990/990 991/991
f 991/991 993/993 992/992
f 994/994 995/995 996/996
f 996/996 997/997 994/994
f 998/998 994/994 997/997
f 997/997 999/999 998/998
f 1000/1000 998/998 999/999
f 999/999 1001/1001 1000/1000
f 987/987 1000/1000 1001/1001
f 1001/1001 988/988 987/987
f 1002/1002 1003/1003 1004/1004
f 1004/1004 1005/1005 1002/1002
f 1006/1006 1003/1003 1002/1002
f 1002/1002 1007/1007 1006/1006
f 1008/1008 1004/1004 1003/1003
f 1009/1009 1010/1010 1011/1011
f 1011/1011 1012/1012 1009/1009
f 1013/1013 1010/1010 1009/1009
f 1009/1009 1014/1014 1013/1013
f 1015/1015 1011/1011 1010/1010
f 1016/1016 1017/1017 1018/1018
f 1018/1018 1019/1019 1016/1016
f 1020/1020 1016/1016 1019/1019
f 1019/1019 1021/1021 1020/1020
f 1022/1022 1020/1020 1021/1021
f 1021/1021 1023/1023 1022/1022
f 1024/1024 1022/1022 1023/1023
f 1023/1023 1025/1025 1024/1024
f 1026/1026 1024/1024 1025/1025
f 1025/1025 1027/1027 1026/1026
f 1028/1028 1026/1026 1027/1027
f 1027/1027 1029/1029 1028/1028
f 1017/1017 1028/1028 1029/1029
f 1029/1029 1018/1018 1017/1017
f 1030/1030 1031/1031 1032/1032
f 1032/1032 1033/1033 1030/1030
f 1034/1034 1035/1035 1036/1036
f 1036/1036 1037/1037 1034/1034
f 1038/1038 1039/1039 1040/1040
f 1040/1040 1041/1041 1038/1038
f 1042/1042 1043/1043 1044/1044
f 1044/1044 1045/1045 1042/1042
f 1046/1046 1047/1047 1048/1048
f 1048/1048 1049/1049 1046/1046
f 1050/1050 1051/1051 1052/1052
f 1052/1052 1053/1053 1050/1050
f 1054/1054 1055/1055 1056/1056
f 1056/1056 1057/1057 1054/1054
f 1058/1058 1059/1059 1060/1060
f 1060/1060 1061/1061 1058/1058
f 1062/1062 1063/1063 1064/1064
f 1064/1064 1065/1065 1062/1062
f 1066/1066 1067/1067 1068/1068
f 1068/1068 1069/1069 1066/1066
f 1070/1070 1071/1071 1072/1072
f 1072/1072 1073/1073 1070/1070
f 1074/1074 1075/1075 1076/1076
f 1076/1076 1077/1077 1074/1074
f 1078/1078 1079/1079 1080/1080
f 1080/1080 1081/1081 1078/1078
f 1082/1082 1083/1083 1084/1084
f 1084/1084 1085/1085 1082/1082
f 1086/1086 1087/1087 1088/1088
f 1088/1088 1089/1089 1086/1086
f 1090/1090 1091/1091 1092/1092
f 1092/1092 1093/1093 1090/1090
f 1094/1094 1095/1095 1096/1096
f 1096/1096 1097/1097 1094/1094
f 1098/1098 1099/1099 1100/1100
f 1100/1100 1101/1101 1098/1098
f 1102/1102 1099/1099 1098/1098
f 1098/1098 1103/1103 1102/1102
f 1104/1104 1105/1105 1106/1106
f 1106/1106 1107/1107 1104/1104
f 1108/1108 1105/1105 1104/1104
f 1104/1104 1109/1109 1108/1108
f 1110/1110 1111/1111 1112/1112
f 1112/1112 1113/1113 1110/1110
f 1114/1114 1111/1111 1110/1110
f 1110/1110 1115/1115 1114/1114
f 1116/1116 1117/1117 1118/1118
f 1118/1118 1119/1119 1116/1116
f 1120/1120 1117/1117 1116/1116
f 1116/1116 1121/1121 1120/1120
f 1061/1061 1083/1083 1082/1082
f 1082/1082 1058/1058 1061/1061
f 1086/1086 1122/1122 1123/1123
f 1123/1123 1087/1087 1086/1086
f 1124/1124 1091/1091 1090/1090
f 1090/1090 1125/1125 1124/1124
f 1094/1094 1064/1064 1063/1063
f 1063/1063 1095/1095 1094/1094
f 1077/1077 1076/1076 1112/1112
f 1112/1112 1111/1111 1077/1077
f 1075/1075 1074/1074 1118/1118
f 1118/1118 1117/1117 1075/1075
f 1126/1126 1127/1127 1058/1058
f 1058/1058 1082/1082 1126/1126
f 1128/1128 1129/1129 1064/1064
f 1064/1064 1094/1094 1128/1128
f 1130/1130 1131/1131 1087/1087
f 1087/1087 1123/1123 1130/1130
f 1132/1132 1133/1133 1091/1091
f 1091/1091 1124/1124 1132/1132
f 1134/1134 1135/1135 1136/1136
f 1136/1136 1137/1137 1134/1134
f 1138/1138 1139/1139 1140/1140
f 1140/1140 1141/1141 1138/1138
f 1142/1142 1143/1143 1144/1144
f 1144/1144 1145/1145 1142/1142
f 1146/1146 1147/1147 1148/1148
f 1148/1148 1149/1149 1146/1146
f 1150/1150 1151/1151 1152/1152
f 1152/1152 1153/1153 1150/1150
f 1154/1154 1155/1155 1156/1156
f 1156/1156 1157/1157 1154/1154
f 1158/1158 1159/1159 1160/1160
f 1160/1160 1161/1161 1158/1158
f 1162/1162 1163/1163 1164/1164
f 1164/1164 1165/1165 1162/1162
f 1166/1166 1167/1167 1168/1168
f 1168/1168 1169/1169 1166/1166
f 1170/1170 1171/1171 1172/1172
f 1172/1172 1173/1173 1170/1170
f 1174/1174 1175/1175 1176/1176
f 1176/1176 1177/1177 1174/1174
f 1178/1178 1179/1179 1180/1180
f 1180/1180 1181/1181 1178/1178
f 1182/1182 1183/1183 1184/1184
f 1184/1184 1185/1185 1182/1182
f 1186/1186 1187/1187 1188/1188
f 1188/1188 1189/1189 1186/1186
f 1190/1190 1191/1191 1192/1192
f 1192/1192 1193/1193 1190/1190
f 1194/1194 1195/1195 1196/1196
f 1196/1196 1197/1197 1194/1194
f 1198/1198 1199/1199 1200/1200
f 1200/1200 1201/1201 1198/1198
f 1202/1202 1203/1203 1204/1204
f 1204/1204 1205/1205 1202/1202
f 1206/1206 1207/1207 1208/1208
f 1208/1208 1209/1209 1206/1206
f 1210/1210 1211/1211 1212/1212
f 1212/1212 1213/1213 1210/1210
f 1214/1214 1215/1215 1216/1216
f 1216/1216 1217/1217 1214/1214
f 1218/1218 1219/1219 1220/1220
f 1220/1220 1221/1221 1218/1218
f 1222/1222 1223/1223 1224/1224
f 1224/1224 1225/1225 1222/1222
f 1226/1226 1227/1227 1228/1228
f 1228/1228 1229/1229 1226/1226
f 1230/1230 1231/1231 1232/1232
f 1232/1232 1233/1233 1230/1230
f 1234/1234 1235/1235 1236/1236
f 1236/1236 1237/1237 1234/1234
f 1238/1238 1239/1239 1240/1240
f 1240/1240 1241/1241 1238/1238
f 1242/1242 1243/1243 1244/1244
f 1244/1244 1245/1245 1242/1242
f 1246/1246 1247/1247 1248/1248
f 1248/1248 1249/1249 1246/1246
f 1250/1250 1251/1251 1252/1252
f 1252/1252 1253/1253 1250/1250
f 1254/1254 1255/1255 1256/1256
f 1256/1256 1257/1257 1254/1254
f 1258/1258 1259/1259 1260/1260
f 1260/1260 1261/1261 1258/1258
f 1262/1262 1126/1126 1082/1082
f 1082/1082 1085/1085 1262/1262
f 1263/1263 1264/1264 1251/1251
f 1251/1251 1250/1250 1263/1263
f 1265/1265 1266/1266 1072/1072
f 1072/1072 1071/1071 1265/1265
f 1267/1267 1268/1268 1257/1257
f 1257/1257 1256/1256 1267/1267
f 1133/1133 1269/1269 1092/1092
f 1092/1092 1091/1091 1133/1133
f 1270/1270 1128/1128 1094/1094
f 1094/1094 1097/1097 1270/1270
f 1271/1271 1272/1272 1259/1259
f 1259/1259 1258/1258 1271/1271
f 1273/1273 1274/1274 1078/1078
f 1078/1078 1081/1081 1273/1273
f 1275/1275 1276/1276 1249/1249
f 1249/1249 1248/1248 1275/1275
f 1131/1131 1277/1277 1088/1088
f 1088/1088 1087/1087 1131/1131

